Taxon,Region,MinAge,MaxAge,Locality
Crotalus_viridis,NorthAmerica,0,0.21,84904
Carphophis_amoenus,NorthAmerica,0,2.58,123875
Coluber_constrictor,NorthAmerica,0,2.58,123875
Lampropeltis_triangulum,NorthAmerica,0,2.58,123875
Coluber_constrictor,NorthAmerica,0,2.58,124319
Heterodon_platyrhinos,NorthAmerica,0,2.58,124319
Lampropeltis_triangulum,NorthAmerica,0,2.58,124319
Pantherophis_vulpinus,NorthAmerica,0,2.58,124319
Sistrurus_catenatus,NorthAmerica,0,2.58,124319
Carphophis_amoenus,NorthAmerica,0,2.58,125951
Lampropeltis_triangulum,NorthAmerica,0,2.58,125951
Hierophis_viridiflavus,Europe,0,2.58,206584
Hierophis_viridiflavus,Europe,0,2.58,206585
Hierophis_viridiflavus,Europe,0,2.58,206586
Malpolon_monspessulanus,Europe,0,2.58,195260
Coronella_girondica,Europe,0,2.58,206172
Coronella_austriaca,Europe,0,2.58,33874
Coronella_austriaca,Europe,0,2.58,34192
Coronella_austriaca,Europe,0,2.58,34920
Coronella_austriaca,Europe,0,2.58,48543
Coronella_austriaca,Europe,0,2.58,195226
Zamenis_longissimus,Europe,0,2.58,33874
Rhabdophis_tigrinus,Asia,0,2.58,206107
Rhabdophis_tigrinus,Asia,0,2.58,206121
Python_sebae,Africa,0,2.58,185616
Wonambi_naracoortensis,Australia,0,2.58,28298
Wonambi_naracoortensis,Australia,0,2.58,96021
Wonambi_naracoortensis,Australia,0,2.58,135983
Wonambi_naracoortensis,Australia,0,2.58,136159
Wonambi_naracoortensis,Australia,0,2.58,136222
Pseudechis_porphyriacus,Australia,0,2.58,136430
Pseudonaja_nuchalis,Australia,0,2.58,136430
Crotalus_horridus,NorthAmerica,0,2.58,123875
Nerodia_sipedon,NorthAmerica,0,2.58,123875
Crotalus_horridus,NorthAmerica,0,2.58,124319
Nerodia_sipedon,NorthAmerica,0,2.58,124319
Nerodia_sipedon,NorthAmerica,0,2.58,125951
Crotalus_adamanteus,NorthAmerica,0,2.58,180345
Natrix_natrix,Europe,0,2.58,33874
Vipera_berus,Europe,0,2.58,33874
Natrix_natrix,Europe,0,2.58,34192
Vipera_berus,Europe,0,2.58,34192
Natrix_natrix,Europe,0,2.58,34920
Vipera_aspis,Europe,0,2.58,34920
Zamenis_scalaris,Europe,0,2.58,34920
Natrix_natrix,Europe,0,2.58,48542
Zamenis_longissimus,Europe,0,2.58,48542
Vipera_berus,Europe,0,2.58,48543
Zamenis_longissimus,Europe,0,2.58,48543
Natrix_natrix,Europe,0,2.58,48544
Natrix_natrix,Europe,0,2.58,48545
Zamenis_longissimus,Europe,0,2.58,48545
Zamenis_longissimus,Europe,0,2.58,48550
Vipera_berus,Europe,0,2.58,48552
Zamenis_longissimus,Europe,0,2.58,48552
Natrix_natrix,Europe,0,2.58,49995
Natrix_natrix,Europe,0,2.58,49997
Natrix_natrix,Europe,0,2.58,122802
Natrix_natrix,Europe,0,2.58,195218
Natrix_natrix,Europe,0,2.58,195226
Vipera_berus,Europe,0,2.58,195226
Zamenis_longissimus,Europe,0,2.58,195226
Natrix_natrix,Europe,0,2.58,206172
Vipera_berus,Europe,0,2.58,206229
Boa_constrictor,SouthAmerica,0.0117,0.3,106304
Vipera_berus,Europe,0.0117,0.774,33977
Wonambi_naracoortensis,Australia,0.0117,0.774,136075
Wonambi_naracoortensis,Australia,0.0117,0.774,194845
Natrix_natrix,Europe,0.0117,0.774,33977
Carphophis_amoenus,NorthAmerica,0.014,0.21,20491
Heterodon_platyrhinos,NorthAmerica,0.014,0.21,20491
Heterodon_simus,NorthAmerica,0.014,0.21,20491
Lampropeltis_getula,NorthAmerica,0.014,0.21,20491
Charina_bottae,NorthAmerica,0.014,0.21,225558
Coluber_constrictor,NorthAmerica,0.014,0.21,20491
Pantherophis_obsoletus,NorthAmerica,0.014,0.21,20491
Pituophis_melanoleucus,NorthAmerica,0.014,0.21,20491
Thamnophis_sirtalis,NorthAmerica,0.014,0.21,20491
Coluber_constrictor,NorthAmerica,0.014,0.21,180339
Drymarchon_corais,NorthAmerica,0.014,0.21,20440
Crotalus_adamanteus,NorthAmerica,0.014,0.21,20491
Diadophis_punctatus,NorthAmerica,0.014,0.21,20491
Drymarchon_corais,NorthAmerica,0.014,0.21,20491
Pantherophis_guttatus,NorthAmerica,0.014,0.21,20491
Nerodia_sipedon,NorthAmerica,0.014,1.4,20492
Crotalus_adamanteus,NorthAmerica,0.014,0.21,180339
Drymarchon_corais,NorthAmerica,0.014,0.21,180339
Regina_alleni,NorthAmerica,0.017,0.774,111114
Crotalus_adamanteus,NorthAmerica,0.017,0.774,111114
Drymarchon_corais,NorthAmerica,0.017,0.774,111114
Farancia_abacura,NorthAmerica,0.017,0.774,111114
Tropidophis_melanurus,SouthAmerica,0.02005,0.02474,11117
Vipera_berus,Europe,0.0306,0.037,11115
Natrix_natrix,Europe,0.0306,0.037,11115
Bitis_arietans,Africa,0.08,0.13,111118
Heterodon_nasicus,NorthAmerica,0.129,0.774,20359
Heterodon_nasicus,NorthAmerica,0.129,0.774,20360
Heterodon_nasicus,NorthAmerica,0.129,0.774,20361
Lampropeltis_getula,NorthAmerica,0.129,0.774,20639
Heterodon_nasicus,NorthAmerica,0.129,0.774,27638
Lampropeltis_getula,NorthAmerica,0.129,0.774,75974
Pituophis_melanoleucus,NorthAmerica,0.129,0.774,20358
Crotalus_viridis,NorthAmerica,0.129,0.774,20361
Pituophis_melanoleucus,NorthAmerica,0.129,0.774,20365
Crotalus_viridis,NorthAmerica,0.129,0.774,20639
Pituophis_melanoleucus,NorthAmerica,0.129,0.774,20639
Coronella_austriaca,Europe,0.129,0.774,34924
Coronella_austriaca,Europe,0.129,0.774,34925
Coronella_girondica,Europe,0.129,0.774,34926
Hierophis_viridiflavus,Europe,0.129,0.774,69062
Coronella_girondica,Europe,0.129,0.774,84938
Malpolon_monspessulanus,Europe,0.129,0.774,84938
Hierophis_viridiflavus,Europe,0.129,0.774,175900
Hierophis_viridiflavus,Europe,0.129,0.774,195223
Hierophis_viridiflavus,Europe,0.129,0.774,195235
Malpolon_monspessulanus,Europe,0.129,0.774,195237
Coronella_girondica,Europe,0.129,0.774,195564
Malpolon_monspessulanus,Europe,0.129,0.774,195564
Coronella_girondica,Europe,0.129,0.774,205233
Coronella_austriaca,Europe,0.129,0.774,34926
Zamenis_scalaris,Europe,0.129,0.774,34924
Vipera_aspis,Europe,0.129,0.774,34925
Zamenis_scalaris,Europe,0.129,0.774,34925
Vipera_aspis,Europe,0.129,0.774,34926
Zamenis_scalaris,Europe,0.129,0.774,34926
Coronella_austriaca,Europe,0.129,0.774,36758
Coronella_austriaca,Europe,0.129,0.774,84938
Zamenis_scalaris,Europe,0.129,0.774,84938
Coronella_austriaca,Europe,0.129,0.774,195199
Coronella_austriaca,Europe,0.129,0.774,195223
Coronella_austriaca,Europe,0.129,0.774,195237
Coronella_austriaca,Europe,0.129,0.774,200081
Coronella_girondica,Europe,0.129,0.774,205284
Vipera_berus,Europe,0.129,0.774,49816
Zamenis_longissimus,Europe,0.129,0.774,84938
Zamenis_longissimus,Europe,0.129,0.774,195118
Vipera_berus,Europe,0.129,0.774,195119
Zamenis_longissimus,Europe,0.129,0.774,195119
Vipera_berus,Europe,0.129,0.774,195199
Zamenis_longissimus,Europe,0.129,0.774,195223
Zamenis_longissimus,Europe,0.129,0.774,195237
Zamenis_longissimus,Europe,0.129,0.774,200081
Vipera_aspis,Europe,0.129,0.774,84938
Vipera_berus,Europe,0.129,0.774,200082
Natrix_maura,Africa,0.129,0.774,34925
Pseudechis_porphyriacus,Australia,0.129,0.774,28364
Pseudonaja_nuchalis,Australia,0.129,0.774,28364
Wonambi_naracoortensis,Australia,0.129,0.774,28364
Thamnophis_sirtalis,NorthAmerica,0.129,0.774,20358
Thamnophis_sirtalis,NorthAmerica,0.129,0.774,20361
Thamnophis_sirtalis,NorthAmerica,0.129,0.774,20369
Thamnophis_sirtalis,NorthAmerica,0.129,0.774,27698
Crotalus_adamanteus,NorthAmerica,0.129,0.774,75974
Drymarchon_corais,NorthAmerica,0.129,0.774,75974
Natrix_natrix,Europe,0.129,0.774,34925
Natrix_maura,Europe,0.129,0.774,34926
Vipera_latastei,Europe,0.129,0.774,34926
Natrix_natrix,Europe,0.129,0.774,49816
Natrix_natrix,Europe,0.129,0.774,49999
Natrix_maura,Europe,0.129,0.774,195119
Natrix_natrix,Europe,0.129,0.774,195119
Natrix_natrix,Europe,0.129,0.774,195198
Natrix_natrix,Europe,0.129,0.774,195199
Natrix_natrix,Europe,0.129,0.774,195222
Natrix_natrix,Europe,0.129,0.774,195223
Natrix_maura,Europe,0.129,0.774,195241
Zamenis_scalaris,Europe,0.129,0.774,195267
Natrix_maura,Europe,0.129,0.774,196971
Natrix_natrix,Europe,0.129,0.774,200080
Natrix_natrix,Europe,0.129,0.774,200082
Natrix_maura,Europe,0.129,0.774,205233
Natrix_maura,Europe,0.129,0.774,205284
Natrix_natrix,Europe,0.129,0.774,205284
Heterodon_nasicus,NorthAmerica,0.21,1.4,20157
Heterodon_platyrhinos,NorthAmerica,0.21,1.4,20157
Lampropeltis_getula,NorthAmerica,0.21,1.4,20157
Lampropeltis_triangulum,NorthAmerica,0.21,1.4,20157
Pantherophis_vulpinus,NorthAmerica,0.21,1.4,20157
Heterodon_platyrhinos,NorthAmerica,0.21,1.4,20165
Pantherophis_obsoletus,NorthAmerica,0.21,1.4,20165
Heterodon_nasicus,NorthAmerica,0.21,1.4,20167
Lampropeltis_calligaster,NorthAmerica,0.21,1.4,20167
Coluber_constrictor,NorthAmerica,0.21,1.4,20290
Lampropeltis_calligaster,NorthAmerica,0.21,1.4,20290
Lampropeltis_getula,NorthAmerica,0.21,1.4,20290
Pantherophis_vulpinus,NorthAmerica,0.21,1.4,20290
Coluber_constrictor,NorthAmerica,0.21,1.4,20293
Heterodon_nasicus,NorthAmerica,0.21,1.4,20293
Nerodia_sipedon,NorthAmerica,0.21,1.4,20293
Coluber_constrictor,NorthAmerica,0.21,1.4,20295
Crotalus_viridis,NorthAmerica,0.21,1.4,20295
Lampropeltis_getula,NorthAmerica,0.21,1.4,20295
Carphophis_amoenus,NorthAmerica,0.21,1.4,20302
Coluber_constrictor,NorthAmerica,0.21,1.4,20302
Crotalus_horridus,NorthAmerica,0.21,1.4,20302
Heterodon_platyrhinos,NorthAmerica,0.21,1.4,20302
Lampropeltis_triangulum,NorthAmerica,0.21,1.4,20302
Nerodia_sipedon,NorthAmerica,0.21,1.4,20302
Pantherophis_vulpinus,NorthAmerica,0.21,1.4,20302
Coluber_constrictor,NorthAmerica,0.21,1.4,20309
Heterodon_platyrhinos,NorthAmerica,0.21,1.4,20332
Nerodia_sipedon,NorthAmerica,0.21,1.4,20332
Crotalus_horridus,NorthAmerica,0.21,1.4,20337
Lampropeltis_getula,NorthAmerica,0.21,1.4,20337
Lampropeltis_triangulum,NorthAmerica,0.21,1.4,20337
Coluber_constrictor,NorthAmerica,0.21,1.4,20354
Crotalus_horridus,NorthAmerica,0.21,1.4,20354
Heterodon_platyrhinos,NorthAmerica,0.21,1.4,20354
Lampropeltis_triangulum,NorthAmerica,0.21,1.4,20354
Nerodia_sipedon,NorthAmerica,0.21,1.4,20354
Pantherophis_vulpinus,NorthAmerica,0.21,1.4,20354
Nerodia_sipedon,NorthAmerica,0.21,1.4,20389
Pantherophis_vulpinus,NorthAmerica,0.21,1.4,20389
Nerodia_sipedon,NorthAmerica,0.21,1.4,20390
Sistrurus_catenatus,NorthAmerica,0.21,1.4,20390
Heterodon_platyrhinos,NorthAmerica,0.21,1.4,20391
Pantherophis_obsoletus,NorthAmerica,0.21,1.4,20391
Pantherophis_obsoletus,NorthAmerica,0.21,1.4,20400
Lampropeltis_getula,NorthAmerica,0.21,1.4,20402
Coluber_constrictor,NorthAmerica,0.21,1.4,20422
Nerodia_sipedon,NorthAmerica,0.21,1.4,20422
Pantherophis_vulpinus,NorthAmerica,0.21,1.4,20422
Coluber_constrictor,NorthAmerica,0.21,1.4,20423
Lampropeltis_getula,NorthAmerica,0.21,1.4,20423
Nerodia_sipedon,NorthAmerica,0.21,1.4,20423
Heterodon_platyrhinos,NorthAmerica,0.21,1.4,20427
Lampropeltis_calligaster,NorthAmerica,0.21,1.4,20427
Heterodon_platyrhinos,NorthAmerica,0.21,1.4,20516
Lampropeltis_getula,NorthAmerica,0.21,1.4,20530
Nerodia_erythrogaster,NorthAmerica,0.21,1.4,20530
Nerodia_fasciata,NorthAmerica,0.21,1.4,20337
Regina_alleni,NorthAmerica,0.21,1.4,20402
Pituophis_melanoleucus,NorthAmerica,0.21,1.4,20157
Oxybelis_acuminatus,SouthAmerica,0.21,1.4,20479
Pantherophis_guttatus,NorthAmerica,0.21,1.4,20290
Pituophis_melanoleucus,NorthAmerica,0.21,1.4,20290
Thamnophis_sirtalis,NorthAmerica,0.21,1.4,20290
Thamnophis_sirtalis,NorthAmerica,0.21,1.4,20293
Diadophis_punctatus,NorthAmerica,0.21,1.4,20302
Thamnophis_sirtalis,NorthAmerica,0.21,1.4,20318
Crotalus_atrox,NorthAmerica,0.21,1.4,20337
Pantherophis_guttatus,NorthAmerica,0.21,1.4,20337
Thamnophis_sirtalis,NorthAmerica,0.21,1.4,20389
Pituophis_melanoleucus,NorthAmerica,0.21,1.4,20390
Thamnophis_sirtalis,NorthAmerica,0.21,1.4,20390
Agkistrodon_piscivorous,NorthAmerica,0.21,1.4,20400
Crotalus_adamanteus,NorthAmerica,0.21,1.4,20400
Agkistrodon_piscivorous,NorthAmerica,0.21,1.4,20402
Nerodia_fasciata,NorthAmerica,0.21,1.4,20402
Pituophis_melanoleucus,NorthAmerica,0.21,1.4,20422
Diadophis_punctatus,NorthAmerica,0.21,1.4,20423
Pituophis_melanoleucus,NorthAmerica,0.21,1.4,20423
Crotalus_viridis,NorthAmerica,0.21,1.4,20516
Nerodia_sipedon,NorthAmerica,0.21,1.4,20516
Crotalus_atrox,NorthAmerica,0.21,1.4,20530
Boa_constrictor,SouthAmerica,0.774,3.6,147081
Hierophis_viridiflavus,Europe,0.774,2.58,56733
Vipera_ammodytes,Europe,0.774,2.58,34767
Coronella_austriaca,Europe,0.774,1.8,34870
Coronella_austriaca,Europe,0.774,2.58,33480
Coronella_austriaca,Europe,0.774,2.58,45065
Coronella_austriaca,Europe,0.774,2.58,45067
Coronella_austriaca,Europe,0.774,2.58,45069
Zamenis_longissimus,Europe,0.774,2.58,33480
Zamenis_longissimus,Europe,0.774,2.58,34767
Coronella_austriaca,Europe,0.774,2.58,230700
Bitis_olduvaiensis,Africa,0.774,1.8,22628
Python_sebae,Africa,0.774,2.58,193126
Sinomicrurus_japonicus,Asia,0.774,2.58,210495
Natrix_natrix,Europe,0.774,2.58,33480
Vipera_berus,Europe,0.774,2.58,33480
Zamenis_scalaris,Europe,0.774,1.8,34128
Natrix_natrix,Europe,0.774,1.8,34870
Vipera_aspis,Europe,0.774,1.8,34870
Zamenis_scalaris,Europe,0.774,1.8,34870
Natrix_maura,Europe,0.774,2.58,34898
Natrix_natrix,Europe,0.774,2.58,45063
Zamenis_longissimus,Europe,0.774,2.58,45063
Natrix_natrix,Europe,0.774,2.58,45065
Vipera_berus,Europe,0.774,2.58,45065
Natrix_natrix,Europe,0.774,2.58,45067
Zamenis_longissimus,Europe,0.774,2.58,45067
Natrix_natrix,Europe,0.774,2.58,45069
Vipera_berus,Europe,0.774,2.58,45072
Natrix_natrix,Europe,0.774,2.58,192405
Natrix_natrix,Europe,0.774,2.58,230700
Coluber_constrictor,NorthAmerica,1.4,9.4,18320
Paleoheterodon_tiheni,NorthAmerica,1.4,9.4,18320
Coluber_constrictor,NorthAmerica,1.4,4.7,19922
Pantherophis_obsoletus,NorthAmerica,1.4,4.7,19922
Coluber_constrictor,NorthAmerica,1.4,4.7,19929
Pantherophis_obsoletus,NorthAmerica,1.4,4.7,19929
Coluber_constrictor,NorthAmerica,1.4,4.7,19931
Heterodon_platyrhinos,NorthAmerica,1.4,4.7,19931
Heterodon_plionasicus,NorthAmerica,1.4,4.7,19931
Lampropeltis_getula,NorthAmerica,1.4,4.7,19931
Sistrurus_catenatus,NorthAmerica,1.4,4.7,19931
Coluber_constrictor,NorthAmerica,1.4,4.7,19936
Heterodon_platyrhinos,NorthAmerica,1.4,4.7,19936
Heterodon_plionasicus,NorthAmerica,1.4,4.7,19936
Lampropeltis_getula,NorthAmerica,1.4,4.7,19936
Sistrurus_catenatus,NorthAmerica,1.4,4.7,19936
Coluber_constrictor,NorthAmerica,1.4,4.7,19940
Heterodon_plionasicus,NorthAmerica,1.4,4.7,19940
Lampropeltis_getula,NorthAmerica,1.4,4.7,19940
Coluber_constrictor,NorthAmerica,1.4,4.7,19954
Heterodon_nasicus,NorthAmerica,1.4,4.7,19954
Heterodon_platyrhinos,NorthAmerica,1.4,4.7,19954
Lampropeltis_calligaster,NorthAmerica,1.4,4.7,19954
Lampropeltis_getula,NorthAmerica,1.4,4.7,19954
Lampropeltis_triangulum,NorthAmerica,1.4,4.7,19954
Sistrurus_catenatus,NorthAmerica,1.4,4.7,19954
Lampropeltis_triangulum,NorthAmerica,1.4,4.7,19960
Heterodon_platyrhinos,NorthAmerica,1.4,4.7,19963
Lampropeltis_getula,NorthAmerica,1.4,4.7,20062
Zilantophis_schuberti,NorthAmerica,1.4,9.4,26574
Nerodia_rhombifer,NorthAmerica,1.4,4.7,27572
Lampropeltis_intermedius,NorthAmerica,1.4,4.7,20072
Nerodia_erythrogaster,NorthAmerica,1.4,9.4,18320
Pantherophis_obsoletus,NorthAmerica,1.4,4.7,19931
Pantherophis_vulpinus,NorthAmerica,1.4,4.7,19954
Charina_bottae,NorthAmerica,1.4,4.7,20062
Pantherophis_pliocenica,NorthAmerica,1.4,4.7,20062
Pantherophis_vulpinus,NorthAmerica,1.4,4.7,19960
Pantherophis_pliocenica,NorthAmerica,1.4,4.7,140258
Nerodia_taxispilota,NorthAmerica,1.4,4.7,19764
Crotalus_viridis,NorthAmerica,1.4,4.7,19931
Crotalus_viridis,NorthAmerica,1.4,4.7,19936
Pantherophis_obsoletus,NorthAmerica,1.4,4.7,19936
Crotalus_viridis,NorthAmerica,1.4,4.7,19940
Pantherophis_obsoletus,NorthAmerica,1.4,4.7,19940
Crotalus_horridus,NorthAmerica,1.4,4.7,19954
Pantherophis_guttatus,NorthAmerica,1.4,4.7,19954
Thamnophis_sirtalis,NorthAmerica,1.4,4.7,19954
Nerodia_sipedon,NorthAmerica,1.4,4.7,19960
Thamnophis_sirtalis,NorthAmerica,1.4,4.7,19960
Pantherophis_vulpinus,NorthAmerica,1.4,4.7,20062
Crotalus_horridus,NorthAmerica,1.4,4.7,27572
Pantherophis_guttatus,NorthAmerica,1.4,4.7,27572
Thamnophis_sirtalis,NorthAmerica,1.4,4.7,27572
Pantherophis_vulpinus,NorthAmerica,1.4,4.7,140258
Coluber_constrictor,NorthAmerica,1.8,2.58,19927
Heterodon_nasicus,NorthAmerica,1.8,2.58,19927
Lampropeltis_getula,NorthAmerica,1.8,2.58,19927
Pantherophis_obsoletus,NorthAmerica,1.8,2.58,19927
Sistrurus_catenatus,NorthAmerica,1.8,2.58,19927
Nerodia_erythrogaster,NorthAmerica,1.8,2.58,20384
Regina_intermedia,NorthAmerica,1.8,2.58,20384
Coronella_austriaca,Europe,1.8,2.58,32485
Zamenis_longissimus,Europe,1.8,2.58,32485
Vipera_berus,Europe,1.8,2.58,32485
Crotalus_viridis,NorthAmerica,1.8,2.58,19927
Nerodia_floridana,NorthAmerica,1.8,2.58,20384
Natrix_natrix,Europe,1.8,2.58,32485
Zamenis_scalaris,Europe,1.8,2.58,77773
Anilius_scytale,SouthAmerica,2.58,3.6,122033
Coronella_girondica,Europe,2.58,3.2,167736
Hierophis_viridiflavus,Europe,2.58,3.2,33473
Elaphe_paralongissima,Europe,2.58,4.2,34840
Malpolon_monspessulanus,Europe,2.58,3.2,167736
Natrix_longivertebrata,Europe,2.58,3.2,33473
Vipera_ammodytes,Europe,2.58,3.2,33473
Hierophis_viridiflavus,Europe,2.58,3.2,33638
Natrix_longivertebrata,Europe,2.58,3.2,33638
Vipera_ammodytes,Europe,2.58,3.2,33638
Elaphe_quatuorlineata,Europe,2.58,3.1,34592
Natrix_longivertebrata,Europe,2.58,4.2,34840
Malpolon_monspessulanus,Europe,2.58,5.333,36014
Michauxophis_occitanus,Europe,2.58,3.6,49096
Hierophis_viridiflavus,Europe,2.58,3.2,167680
Hierophis_viridiflavus,Europe,2.58,3.2,206339
Hierophis_viridiflavus,Europe,2.58,3.2,206582
Malpolon_monspessulanus,Europe,2.58,3.6,224542
Elaphe_quatuorlineata,Europe,2.58,3.2,167680
Elaphe_quatuorlineata,Europe,2.58,5.333,35354
Coluber_caspius,Europe,2.58,3.2,167680
Hierophis_viridiflavus,Europe,2.58,3.2,206583
Vipera_natiensis,Europe,2.58,5.333,136229
Bitis_arietans,Africa,2.58,3.6,21810
Bitis_arietans,Africa,2.58,5.333,32050
Zamenis_longissimus,Europe,2.58,3.1,34592
Zamenis_longissimus,Europe,2.58,3.6,49096
Natrix_natrix,Europe,2.58,3.2,167680
Natrix_maura,Europe,2.58,3.2,167736
Natrix_natrix,Europe,2.58,3.2,167736
Zamenis_scalaris,Europe,2.58,3.2,167736
Vipera_aspis,Europe,2.58,3.1,206747
Natrix_maura,Europe,2.58,3.6,224542
Vipera_berus,Europe,2.58,3.6,224542
Python_sebae,Africa,2.58,5.333,32050
Laophis_crotaloides,Africa,3.1,5.333,36579
Natrix_longivertebrata,Europe,3.2,4.2,33396
Vipera_ammodytes,Europe,3.2,4.2,33396
Hierophis_viridiflavus,Europe,3.2,4.2,33396
Coronella_austriaca,Europe,3.2,4.9,33873
Coronella_austriaca,Europe,3.2,4.2,34255
Elaphe_quatuorlineata,Europe,3.2,4.2,34255
Hierophis_viridiflavus,Europe,3.2,4.2,34255
Laophis_crotaloides,Europe,3.2,4.2,111115
Hierophis_viridiflavus,Europe,3.2,4.2,50940
Zamenis_longissimus,Europe,3.2,4.2,33872
Natrix_natrix,Europe,3.2,4.9,33873
Vipera_berus,Europe,3.2,4.9,33873
Zamenis_longissimus,Europe,3.2,4.9,33873
Natrix_natrix,Europe,3.2,4.2,34255
Coronella_austriaca,Europe,3.6,5.333,136068
Coluber_hungaricus,Europe,3.6,5.333,136066
Coronella_austriaca,Europe,3.6,5.333,136066
Natrix_longivertebrata,Europe,3.6,5.333,136066
Vipera_ammodytes,Europe,3.6,5.333,136066
Zamenis_praelonguissimus,Europe,3.6,5.333,136066
Coluber_hungaricus,Europe,3.6,5.333,136067
Coronella_austriaca,Europe,3.6,5.333,136067
Elaphe_kormosi,Europe,3.6,5.333,136067
Natrix_longivertebrata,Europe,3.6,5.333,136067
Vipera_ammodytes,Europe,3.6,5.333,136067
Zamenis_praelonguissimus,Europe,3.6,5.333,136067
Natrix_longivertebrata,Europe,3.6,5.333,136068
Vipera_natiensis,Europe,3.6,5.333,136065
Rhabdophis_tigrinus,Asia,3.6,5.333,230663
Python_sebae,Africa,3.6,11.63,24181
Liasis_dubudingala,Australia,3.6,5.333,51266
Wonambi_naracoortensis,Australia,3.6,11.63,136228
Liasis_dubudingala,Australia,3.6,5.333,143209
Liasis_dubudingala,Australia,3.6,5.333,154606
Liasis_dubudingala,Australia,3.6,5.333,154607
Vipera_berus,Europe,3.6,5.333,136066
Coluber_constrictor,NorthAmerica,4.7,9.4,18076
Heterodon_plionasicus,NorthAmerica,4.7,9.4,18076
Pantherophis_buisi,NorthAmerica,4.7,9.4,18076
Lampropeltis_triangulum,NorthAmerica,4.7,9.4,18126
Charina_prebottae,NorthAmerica,4.7,9.4,18198
Miocoluber_dalquesti,NorthAmerica,4.7,9.4,18198
Paleoheterodon_tiheni,NorthAmerica,4.7,9.4,18198
Arizona_voorhiesi,NorthAmerica,4.7,9.4,18225
Charina_prebottae,NorthAmerica,4.7,9.4,18225
Heterodon_platyrhinos,NorthAmerica,4.7,9.4,18225
Lampropeltis_triangulum,NorthAmerica,4.7,9.4,18225
Nebraskophis_skinneri,NorthAmerica,4.7,9.4,18225
Paleoheterodon_tiheni,NorthAmerica,4.7,9.4,18225
Paracoluber_storeri,NorthAmerica,4.7,9.4,18225
Heterodon_platyrhinos,NorthAmerica,4.7,9.4,18247
Lampropeltis_triangulum,NorthAmerica,4.7,9.4,18247
Paleoheterodon_tiheni,NorthAmerica,4.7,9.4,18247
Lampropeltis_getula,NorthAmerica,4.7,9.4,18126
Lampropeltis_getula,NorthAmerica,4.7,9.4,18225
Diadophis_elinorae,NorthAmerica,4.7,12.5,18541
Heterodon_brevis,NorthAmerica,4.7,12.5,18541
Lampropeltis_vetustum,NorthAmerica,4.7,12.5,18541
Lampropeltis_getula,NorthAmerica,4.7,9.4,18359
Heterodon_nasicus,NorthAmerica,4.7,9.4,19610
Lampropeltis_getula,NorthAmerica,4.7,9.4,19610
Neonatrix_elongata,NorthAmerica,4.7,9.4,18225
Pantherophis_kansensis,NorthAmerica,4.7,9.4,18225
Salvadora_paleolineata,NorthAmerica,4.7,9.4,18225
Pantherophis_kansensis,NorthAmerica,4.7,9.4,18237
Crotalus_viridis,NorthAmerica,4.7,9.4,18076
Pantherophis_obsoletus,NorthAmerica,4.7,9.4,18076
Pantherophis_guttatus,NorthAmerica,4.7,9.4,18126
Pantherophis_obsoletus,NorthAmerica,4.7,9.4,18126
Pituophis_melanoleucus,NorthAmerica,4.7,9.4,18126
Crotalus_horridus,NorthAmerica,4.7,9.4,18225
Pantherophis_guttatus,NorthAmerica,4.7,9.4,18247
Pituophis_melanoleucus,NorthAmerica,4.7,9.4,18247
Pantherophis_obsoletus,NorthAmerica,4.7,9.4,18359
Pituophis_melanoleucus,NorthAmerica,4.7,9.4,18359
Pituophis_melanoleucus,NorthAmerica,4.7,9.4,19610
Vipera_meotica,Europe,4.9,7.246,167998
Coluber_caspius,Europe,4.9,7.246,69917
Coluber_hungaricus,Europe,4.9,7.246,69917
Elaphe_kormosi,Europe,4.9,7.246,69917
Macrovipera_gedulyi,Europe,4.9,7.246,69917
Natrix_longivertebrata,Europe,4.9,7.246,69917
Zamenis_praelonguissimus,Europe,4.9,7.246,69917
Eryx_linxiaensis,Asia,4.9,7.75,96188
Natrix_parva,Europe,5.333,8.7,48517
Zelceophis_xenos,Europe,5.333,8.7,48517
Paleoheterodon_arcuatus,Europe,5.333,11.63,11116
Paleoheterodon_arcuatus,Europe,5.333,7.246,144566
Paraxenophis_spanios,Europe,5.333,8.7,32189
Periergophis_micros,Europe,5.333,8.7,32189
Coluber_hungaricus,Europe,5.333,8.7,48294
Coronella_miocaenica,Europe,5.333,8.7,48294
Macrovipera_gedulyi,Europe,5.333,8.7,48294
Natrix_longivertebrata,Europe,5.333,8.7,48294
Zamenis_praelonguissimus,Europe,5.333,8.7,48294
Zamenis_szyndlari,Europe,5.333,8.7,48294
Coluber_hungaricus,Europe,5.333,8.7,48295
Coronella_miocaenica,Europe,5.333,8.7,48295
Macrovipera_gedulyi,Europe,5.333,8.7,48295
Zamenis_szyndlari,Europe,5.333,8.7,48295
Coluber_hungaricus,Europe,5.333,8.7,48296
Coronella_miocaenica,Europe,5.333,8.7,48296
Macrovipera_gedulyi,Europe,5.333,8.7,48296
Zamenis_praelonguissimus,Europe,5.333,8.7,48296
Naja_romani,Europe,5.333,7.246,199746
Natrix_longivertebrata,Europe,5.333,8.7,48296
Naja_romani,Europe,5.333,8.7,230516
Acrochordus_dehmi,India,5.333,11.63,48329
Python_sebae,Africa,5.333,7.246,59839
Colombophis_portai,SouthAmerica,7.246,11.63,55602
Colombophis_spinosus,SouthAmerica,7.246,11.63,55602
Colombophis_spinosus,SouthAmerica,7.246,11.63,67386
Vipera_meotica,Europe,7.246,7.75,48175
Coronella_miocaenica,Europe,7.246,11.63,199755
Natrix_longivertebrata,Europe,7.246,7.75,48175
Zamenis_kohfidischi,Europe,7.246,7.75,48175
Elaphe_kormosi,Europe,7.246,7.75,167676
Zamenis_praelonguissimus,Europe,7.246,7.75,167676
Incongruelaps_iteratus,Australia,7.246,11.63,68775
Coluber_planicarinatus,Europe,7.75,8.7,37789
Macrovipera_gedulyi,Europe,7.75,8.7,37789
Naja_romani,Europe,7.75,8.7,37789
Natrix_longivertebrata,Europe,7.75,8.7,37789
Zamenis_kohfidischi,Europe,7.75,8.7,37789
Macrovipera_ukrainica,Europe,8.7,11.63,48446
Naja_romani,Europe,8.7,11.63,48446
Vipera_sarmatica,Europe,8.7,9.7,60268
Naja_romani,Europe,8.7,11.63,191070
Albaneryx_volynicus,Europe,8.7,11.63,48446
Vipera_berus,Europe,8.7,11.63,48446
Naja_antiqua,Africa,8.7,11.63,149240
Lampropeltis_similis,NorthAmerica,9.4,12.5,18268
Ameiseophis_robinsoni,NorthAmerica,9.4,12.5,18327
Lampropeltis_getula,NorthAmerica,9.4,12.5,18327
Lampropeltis_triangulum,NorthAmerica,9.4,12.5,18327
Micronatrix_juliescottae,NorthAmerica,9.4,12.5,18327
Neonatrix_infera,NorthAmerica,9.4,12.5,18327
Nerodia_hillmani,NorthAmerica,9.4,12.5,18327
Pantherophis_kansensis,NorthAmerica,9.4,12.5,18327
Paracoluber_storeri,NorthAmerica,9.4,12.5,18327
Tregophis_brevirachis,NorthAmerica,9.4,12.5,18327
Lampropeltis_similis,NorthAmerica,9.4,12.5,18450
Nerodia_hillmani,NorthAmerica,9.4,12.5,18450
Ogmophis_pliocompactus,NorthAmerica,9.4,12.5,18450
Texasophis_wilsoni,NorthAmerica,9.4,12.5,18450
Tregophis_brevirachis,NorthAmerica,9.4,12.5,18450
Lampropeltis_getula,NorthAmerica,9.4,12.5,18554
Ameiseophis_robinsoni,NorthAmerica,9.4,12.5,188779
Paleoheterodon_tiheni,NorthAmerica,9.4,12.5,188779
Salvadora_paleolineata,NorthAmerica,9.4,12.5,188779
Naja_romani,Europe,9.7,11.1,75481
Albaneryx_volynicus,Europe,9.7,11.1,168187
Coluber_pouchetii,Europe,9.7,11.1,168189
Coluber_pouchetii,Europe,9.7,11.1,168191
Colombophis_portai,SouthAmerica,9.9,13.7,13741
Heterodon_meadi,NorthAmerica,4.9,10.3,111113
Colombophis_portai,SouthAmerica,10.9,13.7,186058
Eunectes_stirtoni,SouthAmerica,10.9,13.7,186058
Colombophis_portai,SouthAmerica,10.9,13.7,186607
Colombophis_portai,SouthAmerica,10.9,13.7,186662
Colombophis_portai,SouthAmerica,10.9,13.7,186667
Colombophis_portai,SouthAmerica,10.9,13.7,186668
Colombophis_portai,SouthAmerica,10.9,13.7,186669
Colombophis_portai,SouthAmerica,10.9,13.7,186674
Colombophis_portai,SouthAmerica,10.9,13.7,186860
Colombophis_portai,SouthAmerica,10.9,13.7,188246
Colombophis_portai,SouthAmerica,10.9,13.7,188248
Natrix_longivertebrata,Europe,11.1,12.8,79361
Natrix_longivertebrata,Europe,11.1,12.8,136199
Coluber_suevicus,Europe,11.1,12.8,49520
Coluber_dolnicensis,Europe,11.1,12.8,79360
Micrurus_gallicus,Europe,11.1,12.8,79360
Naja_romani,Europe,11.1,12.8,79360
Natrix_sansaniensis,Europe,11.1,12.8,79360
Neonatrix_crassa,Europe,11.1,12.8,79360
Neonatrix_europaea,Europe,11.1,12.8,79360
Paleoheterodon_arcuatus,Europe,11.1,12.8,79360
Texasophis_meini,Europe,11.1,12.8,79360
Naja_romani,Europe,11.1,12.8,136199
Paleoheterodon_arcuatus,Europe,11.1,12.8,136199
Texasophis_meini,Europe,11.1,12.8,136199
Micrurus_gallicus,Europe,11.1,12.8,136201
Paleoheterodon_arcuatus,Europe,11.1,12.8,136201
Texasophis_meini,Europe,11.1,12.8,136201
Natrix_sansaniensis,Europe,11.1,13.82,167497
Natrix_sansaniensis,Europe,11.1,13.82,167509
Natrix_sansaniensis,Europe,11.1,13.82,167512
Texasophis_meini,Europe,11.1,13.82,167512
Texasophis_bohemiacus,Europe,11.3,12.9,11114
Ameiseophis_robinsoni,NorthAmerica,11.63,15.98,26758
Calamagras_weigeli,NorthAmerica,11.63,15.98,26758
Charina_prebottae,NorthAmerica,11.63,15.98,26758
Pseudocemophora_antiqua,NorthAmerica,11.63,15.98,26758
Ameiseophis_robinsoni,NorthAmerica,11.63,15.98,26759
Charina_prebottae,NorthAmerica,11.63,15.98,26759
Colombophis_spinosus,SouthAmerica,11.63,15.98,63517
Natrix_longivertebrata,Europe,11.63,15.98,32191
Micrurus_gallicus,Europe,11.63,20,26723
Naja_romani,Europe,11.63,20,26723
Neonatrix_europaea,Europe,11.63,20,26723
Albaneryx_depereti,Europe,11.63,15.98,32191
Micrurus_gallicus,Europe,11.63,15.98,32191
Neonatrix_europaea,Europe,11.63,15.98,32191
Palaeonatrix_lehmani,Europe,11.63,15.98,32191
Texasophis_meini,Europe,11.63,15.98,32191
Paleoheterodon_arcuatus,Europe,11.63,15.98,32191
Natrix_sansaniensis,Europe,11.63,20,26723
Coluber_pouchetii,Europe,11.63,15.98,32191
Natrix_sansaniensis,Europe,11.63,15.98,32191
Coronella_miocaenica,Europe,11.63,12.8,135812
Acrochordus_dehmi,India,11.63,15.98,48680
Acrochordus_dehmi,India,11.63,15.98,48681
Acrochordus_dehmi,India,11.63,15.98,48696
Naja_antiqua,Africa,11.63,15.98,48630
Python_maurus,Africa,11.63,15.98,48630
Vipera_maghrebiana,Africa,11.63,15.98,48630
Python_sebae,Africa,11.63,15.98,21855
Yurlunggur_camfieldensis,Australia,11.63,15.98,13314
Morelia_riversleighensis,Australia,11.63,15.98,28420
Morelia_riversleighensis,Australia,11.63,15.98,137618
Morelia_riversleighensis,Australia,11.63,15.98,137790
Morelia_riversleighensis,Australia,11.63,15.98,151091
Morelia_riversleighensis,Australia,11.63,15.98,154234
Incongruelaps_iteratus,Australia,11.63,15.98,154245
Morelia_spilota,Australia,11.63,15.98,154250
Platyceps_planicarinatus,Europe,5.333,11.63,11116
Colombophis_portai,SouthAmerica,11.8,13.8,11119
Colombophis_spinosus,SouthAmerica,11.8,13.8,11119
Lampropeltis_similis,NorthAmerica,12,12.5,11118
Neonatrix_elongata,NorthAmerica,12,12.5,11118
Neonatrix_magna,NorthAmerica,12,12.5,11118
Lampropeltis_similis,NorthAmerica,12.5,16.3,27507
Paleoheterodon_tiheni,NorthAmerica,12.5,16.3,18031
Dakotaophis_greeni,NorthAmerica,12.5,16.3,18102
Pantherophis_kansensis,NorthAmerica,12.5,16.3,18102
Salvadora_paleolineata,NorthAmerica,12.5,16.3,18102
Ameiseophis_robinsoni,NorthAmerica,12.5,16.3,18141
Charina_prebottae,NorthAmerica,12.5,16.3,18141
Lampropeltis_similis,NorthAmerica,12.5,16.3,18141
Nebraskophis_skinneri,NorthAmerica,12.5,16.3,18141
Neonatrix_elongata,NorthAmerica,12.5,16.3,18141
Neonatrix_magna,NorthAmerica,12.5,16.3,18141
Paleoheterodon_tiheni,NorthAmerica,12.5,16.3,18141
Pantherophis_kansensis,NorthAmerica,12.5,16.3,18141
Salvadora_paleolineata,NorthAmerica,12.5,16.3,18141
Coluber_constrictor,NorthAmerica,12.5,16.3,18192
Pantherophis_kansensis,NorthAmerica,12.5,16.3,18206
Dakotaophis_greeni,NorthAmerica,12.5,16.3,18208
Lampropeltis_similis,NorthAmerica,12.5,16.3,18208
Paleoheterodon_tiheni,NorthAmerica,12.5,16.3,18208
Pantherophis_kansensis,NorthAmerica,12.5,16.3,18208
Salvadora_paleolineata,NorthAmerica,12.5,16.3,18208
Geringophis_depressus,NorthAmerica,12.5,16.3,18275
Nebraskophis_skinneri,NorthAmerica,12.5,16.3,18275
Neonatrix_elongata,NorthAmerica,12.5,16.3,18275
Paleoheterodon_tiheni,NorthAmerica,12.5,16.3,18275
Pantherophis_kansensis,NorthAmerica,12.5,16.3,18275
Pterygoboa_miocenica,NorthAmerica,12.5,16.3,18275
Salvadora_paleolineata,NorthAmerica,12.5,16.3,18275
Ameiseophis_robinsoni,NorthAmerica,12.5,16.3,18284
Charina_prebottae,NorthAmerica,12.5,16.3,18284
Geringophis_depressus,NorthAmerica,12.5,16.3,18284
Lampropeltis_similis,NorthAmerica,12.5,16.3,18284
Nebraskophis_skinneri,NorthAmerica,12.5,16.3,18284
Neonatrix_elongata,NorthAmerica,12.5,16.3,18284
Neonatrix_magna,NorthAmerica,12.5,16.3,18284
Paleoheterodon_tiheni,NorthAmerica,12.5,16.3,18284
Pantherophis_kansensis,NorthAmerica,12.5,16.3,18284
Salvadora_paleolineata,NorthAmerica,12.5,16.3,18284
Charina_prebottae,NorthAmerica,12.5,16.3,18303
Lampropeltis_similis,NorthAmerica,12.5,16.3,18303
Pantherophis_kansensis,NorthAmerica,12.5,16.3,18303
Ameiseophis_robinsoni,NorthAmerica,12.5,16.3,18397
Charina_prebottae,NorthAmerica,12.5,16.3,18397
Dakotaophis_greeni,NorthAmerica,12.5,16.3,18397
Neonatrix_elongata,NorthAmerica,12.5,16.3,18397
Ogmophis_miocompactus,NorthAmerica,12.5,16.3,18397
Paleoheterodon_tiheni,NorthAmerica,12.5,16.3,18397
Salvadora_paleolineata,NorthAmerica,12.5,16.3,18397
Neonatrix_elongata,NorthAmerica,12.5,16.3,18442
Salvadora_paleolineata,NorthAmerica,12.5,16.3,18442
Calamagras_weigeli,NorthAmerica,12.5,16.3,18646
Neonatrix_elongata,NorthAmerica,12.5,16.3,18646
Pantherophis_kansensis,NorthAmerica,12.5,16.3,18646
Pantherophis_kansensis,NorthAmerica,12.5,16.3,18664
Salvadora_paleolineata,NorthAmerica,12.5,16.3,18664
Boavus_occidentalis,NorthAmerica,12.5,16.3,18665
Dakotaophis_greeni,NorthAmerica,12.5,16.3,18665
Ogmophis_miocompactus,NorthAmerica,12.5,16.3,18665
Salvadora_paleolineata,NorthAmerica,12.5,16.3,18665
Charina_prebottae,NorthAmerica,12.5,16.3,18759
Lampropeltis_similis,NorthAmerica,12.5,16.3,18759
Pantherophis_kansensis,NorthAmerica,12.5,16.3,18759
Paracoluber_storeri,NorthAmerica,12.5,16.3,18759
Paleoheterodon_tiheni,NorthAmerica,12.5,16.3,27481
Pterygoboa_miocenica,NorthAmerica,12.5,16.3,27481
Salvadora_paleolineata,NorthAmerica,12.5,16.3,27481
Geringophis_depressus,NorthAmerica,12.5,16.3,27507
Paleoheterodon_tiheni,NorthAmerica,12.5,16.3,27507
Pantherophis_kansensis,NorthAmerica,12.5,16.3,27507
Salvadora_paleolineata,NorthAmerica,12.5,16.3,27507
Ogmophis_arenarum,NorthAmerica,12.5,16.3,18894
Dryinoides_oxyrhachis,NorthAmerica,12.5,16.3,13095
Neonatrix_elongata,NorthAmerica,12.5,16.3,18664
Texasophis_fossilis,NorthAmerica,12.5,16.3,18664
Neonatrix_elongata,NorthAmerica,12.5,16.3,18665
Neonatrix_infera,NorthAmerica,12.5,16.3,18665
Texasophis_fossilis,NorthAmerica,12.5,16.3,18665
Waincophis_australis,SouthAmerica,13.7,15.4,28611
Zamenis_kohfidischi,Europe,13.82,15.98,51002
Naja_romani,Europe,13.82,15.98,51002
Bavarioboa_ultima,Europe,13.82,15.98,60213
Bavarioboa_hermi,Europe,13.82,15.98,134954
Coluber_caspioides,Europe,13.82,15.98,134954
Coluber_hungaricus,Europe,13.82,15.98,134954
Micrurus_gallicus,Europe,13.82,15.98,134954
Coluber_caspioides,Europe,13.82,15.98,135038
Texasophis_meini,Europe,13.82,15.98,134954
Geringophis_yatkolae,NorthAmerica,15.98,23.03,27510
Ogmophis_miocompactus,NorthAmerica,15.98,23.03,27510
Ameiseophis_robinsoni,NorthAmerica,15.98,20.44,18579
Pollackophis_depressus,NorthAmerica,15.98,20.44,18579
Pterygoboa_delawarensis,NorthAmerica,15.98,20.44,18579
Coluber_pouchetii,Europe,15.98,16.9,136919
Coluber_cadurci,Europe,15.98,20,60283
Bavarioboa_hermi,Europe,15.98,16.9,28629
Coluber_caspioides,Europe,15.98,16.9,28629
Falseryx_petersbuchi,Europe,15.98,16.9,28629
Micrurus_gallicus,Europe,15.98,16.9,28629
Naja_romani,Europe,15.98,16.9,28629
Palaeonatrix_lehmani,Europe,15.98,16.9,28629
Vipera_antiqua,Europe,15.98,16.9,28629
Vipera_platyspondyla,Europe,15.98,16.9,28629
Coluber_caspioides,Europe,15.98,20,48173
Coluber_dolnicensis,Europe,15.98,20,48173
Coluber_suevicus,Europe,15.98,20,48173
Natrix_merkurensis,Europe,15.98,20,48173
Eoanilius_oligocenicus,Europe,15.98,23.03,64378
Palaeonatrix_lehmani,Europe,15.98,16.9,68711
Coluber_caspioides,Europe,15.98,16.9,74539
Micrurus_gallicus,Europe,15.98,16.9,136919
Natrix_longivertebrata,Europe,15.98,16.9,136919
Natrix_merkurensis,Europe,15.98,16.9,136919
Neonatrix_europaea,Europe,15.98,16.9,136919
Palaeonatrix_lehmani,Europe,15.98,16.9,136919
Bavarioboa_hermi,Europe,15.98,16.9,138666
Coluber_dolnicensis,Europe,15.98,16.9,138666
Falseryx_petersbuchi,Europe,15.98,16.9,138666
Neonatrix_nova,Europe,15.98,16.9,138666
Palaeonatrix_lehmani,Europe,15.98,16.9,138666
Texasophis_bohemiacus,Europe,15.98,16.9,138666
Vipera_antiqua,Europe,15.98,16.9,138666
Vipera_platyspondyla,Europe,15.98,16.9,138666
Eoanilius_oligocenicus,Europe,15.98,20.44,138825
Natrix_mlynarskii,Europe,15.98,37.71,179194
Palaeopython_cadurcensis,Europe,15.98,37.71,179194
Palaeopython_neglectus,Europe,15.98,37.71,179194
Phosphoroboa_filholi,Europe,15.98,37.71,179194
Plesiotortrix_edwardsi,Europe,15.98,37.71,179194
Bavarioboa_hermi,Europe,15.98,20,190142
Natrix_longivertebrata,Europe,15.98,20,228327
Coluber_caspioides,Europe,15.98,20.44,69098
Python_euboicus,Europe,15.98,23.03,206392
Natrix_sansaniensis,Europe,15.98,16.9,28629
Natrix_sansaniensis,Europe,15.98,20,48173
Natrix_sansaniensis,Europe,15.98,16.9,136919
Naja_romani,Europe,15.98,20,228327
Bavarioboa_hermi,Europe,15.98,20,228327
Morelia_riversleighensis,Australia,15.98,23.03,106497
Nanowana_godthelpi,Australia,15.98,23.03,106497
Nanowana_schrenki,Australia,15.98,23.03,106497
Wonambi_barriei,Australia,15.98,23.03,106498
Nanowana_godthelpi,Australia,15.98,20.44,134946
Nanowana_schrenki,Australia,15.98,20.44,134946
Wonambi_barriei,Australia,15.98,20.44,134946
Nanowana_godthelpi,Australia,15.98,23.03,134947
Nanowana_schrenki,Australia,15.98,23.03,134947
Morelia_riversleighensis,Australia,15.98,23.03,134948
Morelia_riversleighensis,Australia,15.98,20.44,135708
Nanowana_godthelpi,Australia,15.98,23.03,135748
Morelia_riversleighensis,Australia,15.98,23.03,183096
Gaimanophis_powelli,SouthAmerica,15.98,23.04,111116
Texasophis_meini,Europe,15.98,16.9,136919
Calamagras_weigeli,NorthAmerica,16.3,18.5,17878
Charina_prebottae,NorthAmerica,16.3,18.5,17878
Dakotaophis_greeni,NorthAmerica,16.3,18.5,17878
Ogmophis_miocompactus,NorthAmerica,16.3,18.5,17878
Pterygoboa_miocenica,NorthAmerica,16.3,18.5,17878
Salvadora_paleolineata,NorthAmerica,16.3,18.5,17878
Charina_prebottae,NorthAmerica,16.3,18.5,17963
Dakotaophis_greeni,NorthAmerica,16.3,18.5,17963
Salvadora_paleolineata,NorthAmerica,16.3,18.5,17963
Charina_prebottae,NorthAmerica,16.3,18.5,17965
Texasophis_fossilis,NorthAmerica,16.3,18.5,17965
Pseudocemophora_antiqua,NorthAmerica,16.3,18.5,18597
Ameiseophis_robinsoni,NorthAmerica,16.3,18.5,19073
Paracoluber_storeri,NorthAmerica,16.3,18.5,19073
Pseudocemophora_antiqua,NorthAmerica,16.3,18.5,19073
Salvadora_paleolineata,NorthAmerica,16.3,18.5,19073
Ameiseophis_robinsoni,NorthAmerica,16.3,18.5,19074
Charina_prebottae,NorthAmerica,16.3,18.5,19074
Ogmophis_miocompactus,NorthAmerica,16.3,18.5,19074
Pseudocemophora_antiqua,NorthAmerica,16.3,18.5,19074
Ameiseophis_robinsoni,NorthAmerica,16.3,18.5,19075
Calamagras_weigeli,NorthAmerica,16.3,18.5,19075
Charina_prebottae,NorthAmerica,16.3,18.5,19075
Ogmophis_miocompactus,NorthAmerica,16.3,18.5,19075
Pseudocemophora_antiqua,NorthAmerica,16.3,18.5,19075
Ameiseophis_robinsoni,NorthAmerica,16.3,18.5,19077
Charina_prebottae,NorthAmerica,16.3,18.5,19077
Ameiseophis_robinsoni,NorthAmerica,16.3,18.5,19078
Anilioides_minuatus,NorthAmerica,16.3,18.5,18597
Calamagras_floridanus,NorthAmerica,16.3,18.5,18597
Ogmophis_pauperrimus,NorthAmerica,16.3,18.5,18597
Paraoxybelis_floridanus,NorthAmerica,16.3,18.5,18597
Pseudocemophora_antiqua,NorthAmerica,16.3,18.5,19077
Neonatrix_elongata,NorthAmerica,16.3,18.5,17878
Dakotaophis_greeni,NorthAmerica,16.3,18.5,19077
Salvadora_paleolineata,NorthAmerica,16.3,18.5,19077
Boa_constrictor,NorthAmerica,16.3,18.5,18597
Eoanilius_oligocenicus,Europe,16.9,20,69179
Micrurus_gallicus,Europe,16.9,20,11111
Coluber_hungaricus,Europe,16.9,20,11111
Falseryx_petersbuchi,Europe,16.9,20,11111
Gaimanophis_tenuis,SouthAmerica,17.4,20.9,27311
Anilioides_nebraskensis,NorthAmerica,18.5,23.1,17802
Calamagras_angulatus,NorthAmerica,18.5,23.1,17802
Calamagras_platyspondyla,NorthAmerica,18.5,23.1,17802
Geringophis_depressus,NorthAmerica,18.5,23.1,17802
Ogmophis_miocompactus,NorthAmerica,18.5,23.1,17802
Calamagras_platyspondyla,NorthAmerica,18.5,23.1,27509
Ogmophis_oregonensis,NorthAmerica,18.5,29.5,180202
Ogmophis_miocompactus,NorthAmerica,18.5,23.1,27509
Anilioides_nebraskensis,NorthAmerica,20.44,23.03,18663
Eoanilius_oligocenicus,Europe,22.4,23.03,64382
Bransateryx_vireti,Europe,22.4,23.03,69617
Coluber_cadurci,Europe,22.4,23.03,69617
Zamenis_kohfidischi,Europe,22.4,23.03,69617
Vipera_antiqua,Europe,22.4,23.03,69617
Falseryx_petersbuchi,Europe,22.4,23.03,69617
Bavarioboa_crocheti,Europe,23.03,27.82,36712
Bransateryx_vireti,Europe,23.03,27.82,36712
Platyspondylia_lepta,Europe,23.03,27.82,36712
Bavarioboa_crocheti,Europe,23.03,27.82,36715
Platyspondylia_lepta,Europe,23.03,27.82,36715
Bavarioboa_vaylatsae,Europe,23.03,27.82,36718
Bransateryx_vireti,Europe,23.03,27.82,59124
Eoanilius_oligocenicus,Europe,23.03,27.82,59124
Rottophis_atavus,Europe,23.03,27.82,59124
Bavarioboa_minuta,Europe,23.03,27.82,59125
Bransateryx_vireti,Europe,23.03,27.82,59125
Eoanilius_oligocenicus,Europe,23.03,27.82,59125
Bavarioboa_herrlingensis,Europe,23.03,27.82,59126
Platyspondylia_germanica,Europe,23.03,27.82,59126
Bransateryx_vireti,Europe,23.03,33.9,60214
Coluber_cadurci,Europe,23.03,33.9,60214
Bavarioboa_bachensis,Europe,23.03,27.82,60215
Bransateryx_vireti,Europe,23.03,27.82,60281
Coluber_cadurci,Europe,23.03,27.82,60281
Bransateryx_vireti,Europe,23.03,27.82,60282
Platyspondylia_lepta,Europe,23.03,27.82,60282
Bransateryx_vireti,Europe,23.03,27.82,66109
Eoanilius_oligocenicus,Europe,23.03,27.82,84364
Texasophis_hecki,Europe,23.03,27.82,84364
Platyspondylia_lepta,Europe,23.03,27.82,11111
Rottophis_atavus,Europe,23.03,27.82,84606
Rukwanyoka_holmani,Africa,23.03,27.82,167432
Morelia_riversleighensis,Australia,23.03,27.82,143470
Calamagras_angulatus,NorthAmerica,23.1,24.7,75874
Anilioides_nebraskensis,NorthAmerica,23.1,24.7,75875
Geringophis_depressus,NorthAmerica,23.1,24.7,75875
Calamagras_angulatus,NorthAmerica,23.1,24.7,75877
Calamagras_angulatus,NorthAmerica,23.1,24.7,75878
Calamagras_platyspondyla,NorthAmerica,23.1,24.7,75878
Anilioides_nebraskensis,NorthAmerica,24.7,29.5,17495
Calamagras_platyspondyla,NorthAmerica,24.7,29.5,17495
Goinophis_minusculus,NorthAmerica,24.7,29.5,17495
Calamagras_platyspondyla,NorthAmerica,24.7,29.5,17566
Anilioides_nebraskensis,NorthAmerica,24.7,29.5,17566
Texasophis_bohemiacus,NorthAmerica,27.82,33.9,118196
Coluber_cadurci,Europe,27.82,33.9,36709
Coluber_cadurci,Europe,27.82,33.9,36711
Bransateryx_vireti,Europe,27.82,33.9,118196
Eoanilius_oligocenicus,Europe,27.82,33.9,118196
Coluber_cadurci,Europe,27.82,33.9,167513
Eoanilius_oligocenicus,Europe,27.82,33.9,167513
Eoanilius_oligocenicus,Europe,27.82,33.9,167533
Coluber_cadurci,Europe,27.82,33.9,167534
Coluber_cadurci,Europe,27.82,33.9,167537
Coluber_cadurci,Europe,27.82,33.9,179141
Coluber_cadurci,Europe,27.82,33.9,179142
Coluber_cadurci,Europe,27.82,33.9,179147
Natrix_mlynarskii,Europe,27.82,33.9,181092
Eoanilius_oligocenicus,Europe,27.82,33.9,167537
Falseryx_neervelpensis,Europe,27.82,33.9,75867
Coluber_cadurci,Europe,27.82,33.9,183381
Bransateryx_vireti,Europe,27.82,33.9,177977
Eoanilius_oligocenicus,MiddleEast,27.82,33.9,183381
Eoanilius_oligocenicus,MiddleEast,27.82,33.9,177977
Conantophis_alachuaensis,NorthAmerica,29.5,31.8,17341
Floridaophis_auffenbergi,NorthAmerica,29.5,31.8,17341
Geringophis_robustus,NorthAmerica,29.5,31.8,17341
Totlandophis_americanus,NorthAmerica,29.5,31.8,17341
Calamagras_platyspondyla,NorthAmerica,29.5,31.8,17341
Geringophis_vetus,NorthAmerica,31.8,33.9,75879
Helagras_orellanensis,NorthAmerica,31.8,33.9,75879
Hibernophis_breithaupti,NorthAmerica,31.8,33.9,99678
Calamagras_angulatus,NorthAmerica,31.8,33.9,118198
Calamagras_murivorus,NorthAmerica,31.8,33.9,118198
Neurodromicus_dorsalis,NorthAmerica,31.8,33.9,118198
Calamagras_angulatus,NorthAmerica,31.8,33.9,163487
Coprophis_dakotaensis,NorthAmerica,31.8,33.9,179814
Calamagras_murivorus,NorthAmerica,31.8,33.9,179967
Cheilophis_huerfanoensis,NorthAmerica,31.8,33.9,179967
Ogmophis_compactus,NorthAmerica,31.8,33.9,179967
Geringophis_vetus,NorthAmerica,31.8,33.9,232908
Boavus_occidentalis,NorthAmerica,31.8,33.9,232911
Calamagras_angulatus,NorthAmerica,31.8,33.9,232911
Hibernophis_breithaupti,NorthAmerica,31.8,33.9,232918
Texasophis_galbreathi,Europe,31.8,33.9,136087
Pterosphenus_schucherti,NorthAmerica,33.9,37.71,16549
Calamagras_weigeli,NorthAmerica,33.9,37,16919
Ogmophis_compactus,NorthAmerica,33.9,37,16919
Ogmophis_compactus,NorthAmerica,33.9,37,16991
Ogmophis_voorhiesi,NorthAmerica,33.9,37.71,27508
Pterosphenus_schucherti,NorthAmerica,33.9,37.71,27508
Pterosphenus_schucherti,NorthAmerica,33.9,37.71,27623
Pterosphenus_schucherti,NorthAmerica,33.9,37.71,27641
Pterosphenus_schucherti,NorthAmerica,33.9,37.71,28983
Pterosphenus_schucherti,NorthAmerica,33.9,37.71,32908
Pterosphenus_schucherti,NorthAmerica,33.9,37.71,45640
Pterosphenus_schucherti,NorthAmerica,33.9,37.71,45641
Palaeophis_casei,NorthAmerica,33.9,56,161750
Ogmophis_compactus,NorthAmerica,33.9,37,180203
Huberophis_georgiensis,NorthAmerica,33.9,37.71,27508
Palaeophis_africanus,NorthAmerica,33.9,37.71,45640
Pterosphenus_schucherti,NorthAmerica,33.9,37.71,55251
Pterosphenus_schucherti,NorthAmerica,33.9,37.71,67706
Pterosphenus_schucherti,NorthAmerica,33.9,37.71,75638
Pterosphenus_schucherti,NorthAmerica,33.9,37.71,79700
Pterosphenus_schucherti,NorthAmerica,33.9,37.71,162733
Pterosphenus_schucherti,NorthAmerica,33.9,37.71,206946
Calamagras_weigeli,NorthAmerica,33.9,37,16991
Pterosphenus_sheppardi,SouthAmerica,33.9,37.71,48076
Madtsoia_bai,SouthAmerica,33.9,56,61230
Palaeophis_nessovi,Europe,33.9,41.2,49160
Palaeophis_nessovi,Europe,33.9,37.71,49167
Cadurceryx_filholi,Europe,33.9,37.71,12841
Dunnophis_cadurcensis,Europe,33.9,37.71,12841
Eoanilius_europae,Europe,33.9,37.71,12841
Palaeopython_cadurcensis,Europe,33.9,37.71,12841
Cadurcoboa_insolita,Europe,33.9,37.71,12842
Dunnophis_cadurcensis,Europe,33.9,37.71,12842
Cadurcoboa_insolita,Europe,33.9,37.71,12843
Dunnophis_cadurcensis,Europe,33.9,37.71,12843
Palaeopython_cadurcensis,Europe,33.9,37.71,12843
Phosphoroboa_filholi,Europe,33.9,37.71,12846
Cadurceryx_filholi,Europe,33.9,37.71,12849
Dunnophis_cadurcensis,Europe,33.9,37.71,12849
Eoanilius_europae,Europe,33.9,37.71,12849
Palaeopython_cadurcensis,Europe,33.9,37.71,12849
Cadurceryx_filholi,Europe,33.9,37.71,12850
Dunnophis_cadurcensis,Europe,33.9,37.71,12850
Eoanilius_europae,Europe,33.9,37.71,12850
Palaeopython_cadurcensis,Europe,33.9,37.71,12850
Cadurceryx_filholi,Europe,33.9,37.71,12852
Cadurcoboa_insolita,Europe,33.9,37.71,12852
Eoanilius_europae,Europe,33.9,37.71,12852
Palaeopython_cadurcensis,Europe,33.9,37.71,12852
Palaeopython_cadurcensis,Europe,33.9,37.71,28747
Palaeopython_cadurcensis,Europe,33.9,37.71,39662
Phosphoroboa_filholi,Europe,33.9,37.71,84657
Eoconstrictor_fischeri,Europe,33.9,37.71,195854
Palaeopython_helveticus,Europe,33.9,37.71,195854
Eoconstrictor_fischeri,Europe,33.9,37.71,195855
Palaeopython_helveticus,Europe,33.9,37.71,195855
Palaeopython_helveticus,Europe,33.9,37.71,201873
Paleryx_rhombifer,Europe,33.9,37.71,28747
Paraplatyspondylia_batesi,Europe,33.9,37.71,28747
Russellophis_tenuis,Europe,33.9,37.71,28747
Vectophis_wardi,Europe,33.9,37.71,28747
Paleryx_rhombifer,Europe,33.9,37.71,38862
Headonophis_harrisoni,Europe,33.9,37.71,39236
Paleryx_rhombifer,Europe,33.9,37.71,39236
Vectophis_wardi,Europe,33.9,37.71,39236
Vectophis_wardi,Europe,33.9,37.71,39299
Cadurceryx_pearchi,Europe,33.9,37.71,39662
Hordleophis_balconae,Europe,33.9,37.71,39662
Paraplatyspondylia_batesi,Europe,33.9,37.71,39662
Totlandophis_thomasae,Europe,33.9,37.71,39662
Paleryx_rhombifer,Europe,33.9,37.71,181272
Gigantophis_garstini,Africa,33.9,41.2,48077
Gigantophis_garstini,Africa,33.9,37.71,67706
Gigantophis_garstini,Africa,33.9,37.71,79700
Pterosphenus_schucherti,NorthAmerica,33.9,41.2,48077
Plesiotortrix_edwardsi,Europe,33.9,37.71,6802
Boavus_occidentalis,NorthAmerica,37,39.7,16810
Pterosphenus_schucherti,NorthAmerica,37.71,41.2,3534
Pterosphenus_schucherti,NorthAmerica,37.71,41.2,48074
Pterosphenus_schucherti,NorthAmerica,37.71,41.2,48075
Pterosphenus_schucherti,NorthAmerica,37.71,41.2,134300
Madtsoia_bai,SouthAmerica,37.71,47.8,61228
Palaeophis_tamdy,Europe,37.71,41.2,49137
Palaeophis_nessovi,Europe,37.71,41.2,49152
Cadurceryx_filholi,Europe,37.71,41.2,12840
Dunnophis_cadurcensis,Europe,37.71,41.2,12840
Palaeopython_cadurcensis,Europe,37.71,41.2,12840
Platyspondylia_sudrei,Europe,37.71,41.2,12840
Palaeophis_oweni,Europe,37.71,41.2,48159
Palaeopython_cadurcensis,Europe,37.71,41.2,31736
Palaeopython_cadurcensis,Europe,37.71,41.2,183350
Palaeophis_nessovi,Asia,37.71,41.2,113115
Palaeophis_tamdy,Asia,37.71,47.8,140018
Pterosphenus_kutchensis,India,37.71,41.2,48074
Pterosphenus_kutchensis,India,37.71,41.2,48075
Palaeophis_nessovi,Asia,37.71,47.8,113113
Palaeophis_nessovi,Asia,37.71,41.2,113116
Palaeophis_nessovi,Asia,37.71,41.2,113117
Palaeophis_nessovi,Asia,37.71,47.8,140018
Pterosphenus_schucherti,NorthAmerica,37.71,41.2,175734
Pterosphenus_schucherti,NorthAmerica,37.71,41.2,111110
Pterosphenus_muruntau,Asia,37.71,41.2,111111
Dawsonophis_wyomingensis,NorthAmerica,39.7,46.2,16517
Boavus_occidentalis,NorthAmerica,39.7,46.2,16786
Boavus_occidentalis,NorthAmerica,39.7,46.2,16791
Ogmophis_voorhiesi,NorthAmerica,39.7,46.2,16517
Pterosphenus_schucherti,NorthAmerica,39.7,46.2,16542
Palaeophis_virginianus,NorthAmerica,41.2,47.8,13346
Tallahattaophis_dunni,NorthAmerica,41.2,47.8,13346
Palaeophis_grandis,NorthAmerica,41.2,47.8,16411
Dunnophis_matronensis,Europe,41.2,47.8,151252
Eoconstrictor_spinifer,Europe,41.2,47.8,13322
Palaeopython_ceciliensis,Europe,41.2,47.8,13322
Eoconstrictor_spinifer,Europe,41.2,47.8,45002
Palaeopython_ceciliensis,Europe,41.2,47.8,45002
Eoconstrictor_fischeri,Europe,41.2,47.8,120798
Messelophis_variatus,Europe,41.2,47.8,120798
Messelopython_freyi,Europe,41.2,47.8,120798
Rieppelophis_ermannorum,Europe,41.2,47.8,120798
Dunnophis_cadurcensis,Europe,41.2,47.8,151252
Szyndlaria_aureomontensis,Europe,41.2,47.8,151252
Rageryx_schmidi,Europe,41.2,56,224319
Woutersophis_novus,Europe,41.2,47.8,38719
Palaeophis_typhaeus,Europe,41.2,47.8,41847
Palaeophis_typhaeus,Europe,41.2,47.8,41989
Palaeophis_typhaeus,Europe,41.2,47.8,41992
Palaeophis_typhaeus,Europe,41.2,47.8,41998
Woutersophis_novus,Europe,41.2,47.8,124459
Woutersophis_novus,Europe,41.2,47.8,124461
Woutersophis_novus,Europe,41.2,47.8,124686
Woutersophis_novus,Europe,41.2,47.8,167763
Woutersophis_novus,Europe,41.2,47.8,167775
Woutersophis_novus,Europe,41.2,47.8,167776
Woutersophis_novus,Europe,41.2,47.8,167778
Vasuki_indicus,India,41.2,47.8,235707
Palaeophis_africanus,Africa,41.2,47.8,32991
Palaeophis_africanus,Africa,41.2,47.8,83988
Afrotortrix_draaensis,Africa,41.2,56,77014
Palaeophis_africanus,Africa,41.2,47.8,209410
Palaeophis_africanus,Africa,41.2,47.8,235060
Pterosphenus_schucherti,NorthAmerica,41.2,47.8,203528
Cheilophis_huerfanoensis,NorthAmerica,46.2,50.5,180105
Boavus_occidentalis,NorthAmerica,46.2,50.5,15837
Boavus_idelmani,NorthAmerica,46.2,50.5,180201
Calamagras_primus,NorthAmerica,46.2,50.5,15837
Boavus_occidentalis,NorthAmerica,46.2,50.5,16201
Boavus_brevis,NorthAmerica,46.2,50.5,16228
Boavus_occidentalis,NorthAmerica,46.2,50.5,16228
Lithophis_sargenti,NorthAmerica,46.2,50.5,16228
Borealilysia_carinata,NorthAmerica,46.2,50.5,16244
Calamagras_primus,NorthAmerica,46.2,50.5,16244
Dunnophis_microechinis,NorthAmerica,46.2,50.5,16244
Paraepicrates_brevispondylus,NorthAmerica,46.2,50.5,16244
Calamagras_primus,NorthAmerica,46.2,50.5,16273
Dunnophis_microechinis,NorthAmerica,46.2,50.5,16431
Boavus_occidentalis,NorthAmerica,46.2,50.5,27269
Boavus_occidentalis,NorthAmerica,46.2,50.5,130809
Boavus_occidentalis,NorthAmerica,46.2,50.5,180198
Boavus_occidentalis,NorthAmerica,46.2,50.5,180199
Boavus_occidentalis,NorthAmerica,46.2,50.5,180200
Borealilysia_gunnelli,NorthAmerica,46.2,50.5,216020
Palaeophis_littoralis,NorthAmerica,47.8,56,27622
Palaeophis_virginianus,NorthAmerica,47.8,56,27622
Palaeophis_littoralis,NorthAmerica,47.8,59.2,161862
Palaeophis_grandis,NorthAmerica,47.8,56,55255
Palaeophis_virginianus,NorthAmerica,47.8,59.2,105244
Palaeophis_casei,NorthAmerica,47.8,59.2,161862
Palaeophis_virginianus,NorthAmerica,47.8,59.2,161862
Corallus_priscus,SouthAmerica,47.8,59.2,48091
Hechtophis_austrinus,SouthAmerica,47.8,59.2,48091
Itaboraiophis_depressus,SouthAmerica,47.8,59.2,48091
Madtsoia_camposi,SouthAmerica,47.8,59.2,48091
Paraungaliophis_pricei,SouthAmerica,47.8,59.2,48091
Paulacoutophis_perplexus,SouthAmerica,47.8,59.2,48091
Waincophis_cameratus,SouthAmerica,47.8,59.2,48091
Waincophis_pressulus,SouthAmerica,47.8,59.2,48091
Amaru_scagliai,SouthAmerica,47.8,56,20983
Calamagras_gallicus,Europe,47.8,56,28546
Dunnophis_matronensis,Europe,47.8,56,35533
Anomalophis_bolcensis,Europe,47.8,56,55239
Archaeophis_proavus,Europe,47.8,56,55239
Palaeophis_longus,Europe,47.8,56,13299
Calamagras_gallicus,Europe,47.8,56,35533
Calamagras_gallicus,Europe,47.8,56,35535
Dunnophis_matronensis,Europe,47.8,56,35535
Calamagras_gallicus,Europe,47.8,56,35539
Dunnophis_matronensis,Europe,47.8,56,35539
Palaeophis_toliapicus,Europe,47.8,56,45802
Dunnophis_matronensis,Europe,47.8,56,68174
Calamagras_gallicus,Europe,47.8,56,68440
Dunnophis_matronensis,Europe,47.8,56,68440
Palaeophis_toliapicus,Europe,47.8,56,68440
Palaeophis_typhaeus,Europe,47.8,56,68440
Russellophis_tenuis,Europe,47.8,56,68440
Palaeophis_toliapicus,Europe,47.8,56,76601
Dunnophis_matronensis,Europe,47.8,56,79200
Calamagras_gallicus,Europe,47.8,56,84997
Dunnophis_matronensis,Europe,47.8,56,84997
Russellophis_tenuis,Europe,47.8,56,84997
Calamagras_turkestanicus,Asia,47.8,56,28490
Palaeophis_ferganicus,Asia,47.8,56,28490
Nessovophis_zhylga,Asia,47.8,56,49051
Palaeophis_ferganicus,Asia,47.8,56,49136
Palaeophis_vastaniensis,India,47.8,56,55494
Procerophis_sahnii,India,47.8,56,55494
Russellophis_crassus,India,47.8,56,55494
Palaeophis_vastaniensis,India,47.8,56,180565
Platyspondylophis_tadkeshwarensis,India,47.8,56,180565
Procerophis_sahnii,India,47.8,56,180565
Palaeophis_vastaniensis,India,47.8,56,180566
Archaeophis_turkmenicus,Asia,47.8,56,186444
Palaeophis_maghrebianus,Africa,47.8,56,55249
Palaeophis_maghrebianus,Africa,47.8,56,55250
Palaeophis_maghrebianus,Africa,47.8,56,87890
Palaeophis_colossaeus,Africa,47.8,56,48097
Palaeophis_colossaeus,Africa,47.8,56,114961
Palaeophis_colossaeus,Africa,47.8,56,175262
Alamitophis_tingamarra,Australia,47.8,56,59088
Patagoniophis_australiensis,Australia,47.8,56,59088
Waincophis_australis,SouthAmerica,47.9,56,39295
Chubutophis_grandis,SouthAmerica,47.9,56,176491
Eoconstrictor_barnesi,Europe,41.03,48.7,111117
Palaeophis_casei,NorthAmerica,50.5,54.9,15595
Palaeophis_virginianus,NorthAmerica,50.5,54.9,15595
Palaeophis_casei,NorthAmerica,50.5,54.9,15719
Palaeophis_littoralis,NorthAmerica,50.5,54.9,15719
Palaeophis_virginianus,NorthAmerica,50.5,54.9,15719
Calamagras_primus,NorthAmerica,50.5,54.9,186898
Palaeophis_toliapicus,NorthAmerica,50.5,54.9,15595
Cheilophis_huerfanoensis,NorthAmerica,50.5,54.9,186898
Boavus_occidentalis,NorthAmerica,50.5,54.9,15908
Sanjuanophis_froehlichorum,NorthAmerica,50.5,54.9,186898
Sanjuanophis_froehlichorum,NorthAmerica,50.5,54.9,186906
Boavus_occidentalis,NorthAmerica,50.5,54.9,15910
Cheilophis_huerfanoensis,NorthAmerica,56,59.2,124965
Powellophis_andina,SouthAmerica,56,61.6,228014
Titanoboa_cerrejonensis,SouthAmerica,56,61.6,106271
Vialovophis_zhylan,Asia,56,59.2,48888
Nigerophis_mirus,Africa,56,61.6,63545
Nigerophis_mirus,Africa,56,61.6,63546
Amananulam_sanogoi,Africa,56,61.6,193687
Pterosphenus_schucherti,NorthAmerica,56,59.2,124965
Thaumastophis_missiaeni,India,47.8,56,11113
Helagras_prisciformis,NorthAmerica,60.9,63.8,180346
Kataria_anisodonta,SouthAmerica,61.6,66,13501
Helagras_prisciformis,NorthAmerica,63.8,66,125183
Cerberophis_robustus,NorthAmerica,66,72.1,137565
Boipeba_tayasuensis,SouthAmerica,66,83.6,114829
Alamitophis_argentinus,SouthAmerica,66,72.1,26749
Eomadtsoia_ragei,SouthAmerica,66,72.1,26749
Alamitophis_argentinus,SouthAmerica,66,83.6,45087
Patagoniophis_parvus,SouthAmerica,66,83.6,45087
Rionegrophis_madtsoioides,SouthAmerica,66,83.6,45087
Alamitophis_elongatus,SouthAmerica,66,83.6,48999
Australophis_anilioides,SouthAmerica,66,83.6,48999
Alamitophis_argentinus,SouthAmerica,66,83.6,49557
Australophis_anilioides,SouthAmerica,66,83.6,49557
Patagoniophis_parvus,SouthAmerica,66,83.6,49557
Eomadtsoia_ragei,SouthAmerica,66,72.1,121187
Rionegrophis_madtsoioides,SouthAmerica,66,72.1,206967
Madtsoia_pisdurensis,India,66,72.1,26370
Indophis_sahnii,India,66,72.1,27014
Madtsoia_pisdurensis,India,66,72.1,60397
Sanajeh_indicus,India,66,72.1,61499
Indophis_sahnii,India,66,72.1,72320
Indophis_sahnii,India,66,72.1,224687
Madtsoia_madagascariensis,Madagascar,66,72.1,25074
Madtsoia_madagascariensis,Madagascar,66,72.1,32366
Madtsoia_madagascariensis,Madagascar,66,72.1,39265
Adinophis_fisaka,Madagascar,66,72.1,39266
Kelyophis_hechti,Madagascar,66,72.1,39266
Menarana_nosymena,Madagascar,66,72.1,39266
Madtsoia_madagascariensis,Madagascar,66,72.1,48539
Madtsoia_madagascariensis,Madagascar,66,72.1,48540
Madtsoia_madagascariensis,Madagascar,66,72.1,48541
Kelyophis_hechti,Madagascar,66,72.1,55268
Madtsoia_madagascariensis,Madagascar,66,72.1,55268
Madtsoia_madagascariensis,Madagascar,66,72.1,55269
Adinophis_fisaka,Madagascar,66,72.1,55270
Madtsoia_madagascariensis,Madagascar,66,72.1,70075
Madtsoia_madagascariensis,Madagascar,66,72.1,78931
Madtsoia_madagascariensis,Madagascar,66,72.1,84844
Madtsoia_madagascariensis,Madagascar,66,72.1,91207
Menarana_nosymena,Madagascar,66,72.1,96692
Madtsoia_madagascariensis,Madagascar,66,72.1,96693
Menarana_nosymena,Madagascar,66,72.1,96693
Menarana_nosymena,Madagascar,66,72.1,96694
Madtsoia_madagascariensis,Madagascar,66,72.1,118210
Kelyophis_hechti,Madagascar,66,72.1,144728
Indophis_fanambinana,Madagascar,66,72.1,154152
Krebsophis_thobanus,Africa,66,83.6,28491
Nubianophis_afaahus,Africa,66,83.6,28491
Herensugea_caristiorum,Europe,72.1,83.6,28406
Menarana_laurasiae,Europe,72.1,83.6,28406
Menarana_laurasiae,Europe,72.1,83.6,28765
Menarana_laurasiae,Europe,72.1,83.6,37199
Nidophis_insularis,Europe,66,72.1,13334
Nidophis_insularis,Europe,66,72.1,67817
Nidophis_insularis,Europe,66,72.1,193944
Dinilysia_patagonica,SouthAmerica,83.4,85.9,11126
Dinilysia_patagonica,SouthAmerica,83.6,86.3,47798
Dinilysia_patagonica,SouthAmerica,83.6,86.3,47808
Dinilysia_patagonica,SouthAmerica,83.6,86.3,47810
Madtsoia_madagascariensis,Africa,83.6,89.8,48867
Dinilysia_patagonica,SouthAmerica,83.6,86.3,63679
Najash_rionegrina,SouthAmerica,92,94,11112
Seismophis_septentrionalis,SouthAmerica,93.9,100.5,138577
Lunaophis_aquaticus,SouthAmerica,93.9,100.5,176561
Najash_rionegrina,SouthAmerica,93.9,100.5,225915
Simoliophis_rochebrunei,Europe,93.9,100.5,59809
Simoliophis_rochebrunei,Europe,93.9,100.5,65421
Simoliophis_rochebrunei,Europe,93.9,100.5,73862
Simoliophis_rochebrunei,Europe,93.9,100.5,73863
Simoliophis_rochebrunei,Europe,93.9,100.5,77229
Simoliophis_rochebrunei,Europe,93.9,100.5,77230
Simoliophis_rochebrunei,Europe,93.9,100.5,77231
Simoliophis_rochebrunei,Europe,93.9,100.5,77232
Simoliophis_rochebrunei,Europe,93.9,100.5,77233
Simoliophis_rochebrunei,Europe,93.9,100.5,138329
Simoliophis_rochebrunei,Europe,93.9,100.5,224153
Mesophis_nopcsai,Europe,93.9,100.5,53519
Pachyophis_woodwardi,Europe,93.9,100.5,53519
Haasiophis_terrasanctus,MiddleEast,93.9,100.5,11804
Pachyrhachis_problematicus,MiddleEast,93.9,100.5,11804
Eupodophis_descouensi,MiddleEast,93.9,100.5,60285
Eupodophis_descouensi,MiddleEast,93.9,100.5,60311
Lapparentophis_defrennei,Africa,93.9,145,25222
Simoliophis_libycus,Africa,93.9,100.5,45725
Norisophis_begaa,Africa,93.9,100.5,96223
Simoliophis_libycus,Africa,93.9,100.5,115189
Lapparentophis_ragei,Australia,93.9,100.5,196796
Xiaophis_myanmarensis,EasternAsia,98.2,99.4,194175
Seismophis_septentrionalis,SouthAmerica,100.5,121.4,111112
Diablophis_gilmorei,NorthAmerica,145,149.2,53040
Diablophis_gilmorei,NorthAmerica,146.3,149.2,71476
Portugalophis_lignites,Europe,149.2,154.8,24563
Eophis_underwoodi,Europe,165.3,168.2,39075
