Taxon_name	Status	max_ma	min_ma	site
Pterosphenus_schucherti	extinct	41.2	37.71	3534
Pterosphenus_schucherti	extinct	37.71	33.9	6802
Haasiophis_terrasanctus	extinct	100.5	93.9	11804
Pachyrhachis_problematicus	extinct	100.5	93.9	11804
Cadurceryx_filholi	extinct	41.2	37.71	12840
Dunnophis_cadurcensis	extinct	41.2	37.71	12840
Palaeopython_cadurcensis	extinct	41.2	37.71	12840
Platyspondylia_sudrei	extinct	41.2	37.71	12840
Cadurceryx_filholi	extinct	37.71	33.9	12841
Dunnophis_cadurcensis	extinct	37.71	33.9	12841
Eoanilius_europae	extinct	37.71	33.9	12841
Palaeopython_cadurcensis	extinct	37.71	33.9	12841
Cadurcoboa_insolita	extinct	37.71	33.9	12842
Dunnophis_cadurcensis	extinct	37.71	33.9	12842
Cadurcoboa_insolita	extinct	37.71	33.9	12843
Dunnophis_cadurcensis	extinct	37.71	33.9	12843
Palaeopython_cadurcensis	extinct	37.71	33.9	12843
Phosphoroboa_filholi	extinct	37.71	33.9	12846
Cadurceryx_filholi	extinct	37.71	33.9	12849
Dunnophis_cadurcensis	extinct	37.71	33.9	12849
Eoanilius_europae	extinct	37.71	33.9	12849
Palaeopython_cadurcensis	extinct	37.71	33.9	12849
Cadurceryx_filholi	extinct	37.71	33.9	12850
Dunnophis_cadurcensis	extinct	37.71	33.9	12850
Eoanilius_europae	extinct	37.71	33.9	12850
Palaeopython_cadurcensis	extinct	37.71	33.9	12850
Cadurceryx_filholi	extinct	37.71	33.9	12852
Cadurcoboa_insolita	extinct	37.71	33.9	12852
Eoanilius_europae	extinct	37.71	33.9	12852
Palaeopython_cadurcensis	extinct	37.71	33.9	12852
Carphophis_amoenus	extant	0.129	0.0117	13066
Crotalus_horridus	extant	0.129	0.0117	13066
Diadophis_punctatus	extant	0.129	0.0117	13066
Heterodon_platyrhinos	extant	0.129	0.0117	13066
Lampropeltis_getula	extant	0.129	0.0117	13066
Lampropeltis_triangulum	extant	0.129	0.0117	13066
Nerodia_sipedon	extant	0.129	0.0117	13066
Thamnophis_sirtalis	extant	0.129	0.0117	13066
Dryinoides_oxyrhachis	extinct	16.3	12.5	13095
Palaeophis_longus	extinct	56	47.8	13299
Yurlunggur_camfieldensis	extinct	15.98	11.63	13314
Eoconstrictor_spinifer	extinct	47.8	41.2	13322
Palaeopython_ceciliensis	extinct	47.8	41.2	13322
Nidophis_insularis	extinct	72.1	66	13334
Palaeophis_virginianus	extinct	47.8	41.2	13346
Tallahattaophis_dunni	extinct	47.8	41.2	13346
Kataria_anisodonta	extinct	66	61.6	13501
Colombophis_portai	extinct	13.7	9.9	13741
Palaeophis_casei	extinct	54.9	50.5	15595
Palaeophis_toliapicus	extinct	54.9	50.5	15595
Palaeophis_virginianus	extinct	54.9	50.5	15595
Palaeophis_casei	extinct	54.9	50.5	15719
Palaeophis_littoralis	extinct	54.9	50.5	15719
Palaeophis_virginianus	extinct	54.9	50.5	15719
Boavus_occidentalis	extinct	50.5	46.2	15837
Calamagras_primus	extinct	50.5	46.2	15837
Boavus_occidentalis	extinct	54.9	50.5	15908
Boavus_occidentalis	extinct	54.9	50.5	15910
Boavus_occidentalis	extinct	50.5	46.2	16201
Boavus_brevis	extinct	50.5	46.2	16228
Boavus_occidentalis	extinct	50.5	46.2	16228
Lithophis_sargenti	extinct	50.5	46.2	16228
Borealilysia_carinata	extinct	50.5	46.2	16244
Calamagras_primus	extinct	50.5	46.2	16244
Dunnophis_microechinis	extinct	50.5	46.2	16244
Paraepicrates_brevispondylus	extinct	50.5	46.2	16244
Calamagras_primus	extinct	50.5	46.2	16273
Palaeophis_grandis	extinct	47.8	41.2	16411
Dunnophis_microechinis	extinct	50.5	46.2	16431
Dawsonophis_wyomingensis	extinct	46.2	39.7	16517
Ogmophis_voorhiesi	extinct	46.2	39.7	16517
Pterosphenus_schucherti	extinct	46.2	39.7	16542
Pterosphenus_schucherti	extinct	37.71	33.9	16549
Boavus_occidentalis	extinct	46.2	39.7	16786
Boavus_occidentalis	extinct	46.2	39.7	16791
Boavus_occidentalis	extinct	39.7	37	16810
Calamagras_weigeli	extinct	37	33.9	16919
Ogmophis_compactus	extinct	37	33.9	16919
Calamagras_weigeli	extinct	37	33.9	16991
Ogmophis_compactus	extinct	37	33.9	16991
Calamagras_platyspondyla	extinct	31.8	29.5	17341
Conantophis_alachuaensis	extinct	31.8	29.5	17341
Floridaophis_auffenbergi	extinct	31.8	29.5	17341
Geringophis_robustus	extinct	31.8	29.5	17341
Totlandophis_americanus	extinct	31.8	29.5	17341
Anilioides_nebraskensis	extinct	29.5	24.7	17495
Calamagras_platyspondyla	extinct	29.5	24.7	17495
Goinophis_minusculus	extinct	29.5	24.7	17495
Anilioides_nebraskensis	extinct	29.5	24.7	17566
Calamagras_platyspondyla	extinct	29.5	24.7	17566
Anilioides_nebraskensis	extinct	23.1	18.5	17802
Calamagras_angulatus	extinct	23.1	18.5	17802
Calamagras_platyspondyla	extinct	23.1	18.5	17802
Geringophis_depressus	extinct	23.1	18.5	17802
Ogmophis_miocompactus	extinct	23.1	18.5	17802
Calamagras_weigeli	extinct	18.5	16.3	17878
Charina_prebottae	extinct	18.5	16.3	17878
Dakotaophis_greeni	extinct	18.5	16.3	17878
Neonatrix_elongata	extinct	18.5	16.3	17878
Ogmophis_miocompactus	extinct	18.5	16.3	17878
Pterygoboa_miocenica	extinct	18.5	16.3	17878
Salvadora_paleolineata	extinct	18.5	16.3	17878
Charina_prebottae	extinct	18.5	16.3	17963
Dakotaophis_greeni	extinct	18.5	16.3	17963
Salvadora_paleolineata	extinct	18.5	16.3	17963
Charina_prebottae	extinct	18.5	16.3	17965
Texasophis_fossilis	extinct	18.5	16.3	17965
Paleoheterodon_tiheni	extinct	16.3	12.5	18031
Coluber_constrictor	extant	9.4	4.7	18076
Crotalus_viridis	extant	9.4	4.7	18076
Heterodon_plionasicus	extinct	9.4	4.7	18076
Pantherophis_buisi	extinct	9.4	4.7	18076
Pantherophis_obsoletus	extant	9.4	4.7	18076
Dakotaophis_greeni	extinct	16.3	12.5	18102
Pantherophis_kansensis	extinct	16.3	12.5	18102
Salvadora_paleolineata	extinct	16.3	12.5	18102
Lampropeltis_getula	extant	9.4	4.7	18126
Lampropeltis_triangulum	extant	9.4	4.7	18126
Pantherophis_guttatus	extant	9.4	4.7	18126
Pantherophis_obsoletus	extant	9.4	4.7	18126
Pituophis_melanoleucus	extant	9.4	4.7	18126
Ameiseophis_robinsoni	extinct	16.3	12.5	18141
Charina_prebottae	extinct	16.3	12.5	18141
Lampropeltis_similis	extinct	16.3	12.5	18141
Nebraskophis_skinneri	extinct	16.3	12.5	18141
Neonatrix_elongata	extinct	16.3	12.5	18141
Neonatrix_magna	extinct	16.3	12.5	18141
Paleoheterodon_tiheni	extinct	16.3	12.5	18141
Pantherophis_kansensis	extinct	16.3	12.5	18141
Salvadora_paleolineata	extinct	16.3	12.5	18141
Coluber_constrictor	extant	16.3	12.5	18192
Charina_prebottae	extinct	9.4	4.7	18198
Miocoluber_dalquesti	extinct	9.4	4.7	18198
Paleoheterodon_tiheni	extinct	9.4	4.7	18198
Pantherophis_kansensis	extinct	16.3	12.5	18206
Dakotaophis_greeni	extinct	16.3	12.5	18208
Lampropeltis_similis	extinct	16.3	12.5	18208
Paleoheterodon_tiheni	extinct	16.3	12.5	18208
Pantherophis_kansensis	extinct	16.3	12.5	18208
Salvadora_paleolineata	extinct	16.3	12.5	18208
Arizona_voorhiesi	extinct	9.4	4.7	18225
Charina_prebottae	extinct	9.4	4.7	18225
Crotalus_horridus	extant	9.4	4.7	18225
Heterodon_platyrhinos	extant	9.4	4.7	18225
Lampropeltis_getula	extant	9.4	4.7	18225
Lampropeltis_triangulum	extant	9.4	4.7	18225
Nebraskophis_skinneri	extinct	9.4	4.7	18225
Neonatrix_elongata	extinct	9.4	4.7	18225
Paleoheterodon_tiheni	extinct	9.4	4.7	18225
Pantherophis_kansensis	extinct	9.4	4.7	18225
Paracoluber_storeri	extinct	9.4	4.7	18225
Salvadora_paleolineata	extinct	9.4	4.7	18225
Pantherophis_kansensis	extinct	9.4	4.7	18237
Heterodon_platyrhinos	extant	9.4	4.7	18247
Lampropeltis_triangulum	extant	9.4	4.7	18247
Paleoheterodon_tiheni	extinct	9.4	4.7	18247
Pantherophis_guttatus	extant	9.4	4.7	18247
Pituophis_melanoleucus	extant	9.4	4.7	18247
Lampropeltis_similis	extinct	12.5	9.4	18268
Geringophis_depressus	extinct	16.3	12.5	18275
Nebraskophis_skinneri	extinct	16.3	12.5	18275
Neonatrix_elongata	extinct	16.3	12.5	18275
Paleoheterodon_tiheni	extinct	16.3	12.5	18275
Pantherophis_kansensis	extinct	16.3	12.5	18275
Pterygoboa_miocenica	extinct	16.3	12.5	18275
Salvadora_paleolineata	extinct	16.3	12.5	18275
Ameiseophis_robinsoni	extinct	16.3	12.5	18284
Charina_prebottae	extinct	16.3	12.5	18284
Geringophis_depressus	extinct	16.3	12.5	18284
Lampropeltis_similis	extinct	16.3	12.5	18284
Nebraskophis_skinneri	extinct	16.3	12.5	18284
Neonatrix_elongata	extinct	16.3	12.5	18284
Neonatrix_magna	extinct	16.3	12.5	18284
Paleoheterodon_tiheni	extinct	16.3	12.5	18284
Pantherophis_kansensis	extinct	16.3	12.5	18284
Salvadora_paleolineata	extinct	16.3	12.5	18284
Charina_prebottae	extinct	16.3	12.5	18303
Lampropeltis_similis	extinct	16.3	12.5	18303
Pantherophis_kansensis	extinct	16.3	12.5	18303
Coluber_constrictor	extant	9.4	1.4	18320
Nerodia_erythrogaster	extant	9.4	1.4	18320
Paleoheterodon_tiheni	extinct	9.4	1.4	18320
Ameiseophis_robinsoni	extinct	12.5	9.4	18327
Lampropeltis_getula	extant	12.5	9.4	18327
Lampropeltis_triangulum	extant	12.5	9.4	18327
Micronatrix_juliescottae	extinct	12.5	9.4	18327
Neonatrix_infera	extinct	12.5	9.4	18327
Nerodia_hillmani	extinct	12.5	9.4	18327
Pantherophis_kansensis	extinct	12.5	9.4	18327
Paracoluber_storeri	extinct	12.5	9.4	18327
Tregophis_brevirachis	extinct	12.5	9.4	18327
Lampropeltis_getula	extant	9.4	4.7	18359
Pantherophis_obsoletus	extant	9.4	4.7	18359
Pituophis_melanoleucus	extant	9.4	4.7	18359
Ameiseophis_robinsoni	extinct	16.3	12.5	18397
Charina_prebottae	extinct	16.3	12.5	18397
Dakotaophis_greeni	extinct	16.3	12.5	18397
Neonatrix_elongata	extinct	16.3	12.5	18397
Ogmophis_miocompactus	extinct	16.3	12.5	18397
Paleoheterodon_tiheni	extinct	16.3	12.5	18397
Salvadora_paleolineata	extinct	16.3	12.5	18397
Neonatrix_elongata	extinct	16.3	12.5	18442
Salvadora_paleolineata	extinct	16.3	12.5	18442
Lampropeltis_similis	extinct	12.5	9.4	18450
Nerodia_hillmani	extinct	12.5	9.4	18450
Ogmophis_pliocompactus	extinct	12.5	9.4	18450
Texasophis_wilsoni	extinct	12.5	9.4	18450
Tregophis_brevirachis	extinct	12.5	9.4	18450
Diadophis_elinorae	extinct	12.5	4.7	18541
Heterodon_brevis	extinct	12.5	4.7	18541
Lampropeltis_vetustum	extant	12.5	4.7	18541
Lampropeltis_getula	extant	12.5	9.4	18554
Ameiseophis_robinsoni	extinct	20.44	15.98	18579
Pollackophis_depressus	extinct	20.44	15.98	18579
Pterygoboa_delawarensis	extinct	20.44	15.98	18579
Anilioides_minuatus	extinct	18.5	16.3	18597
Boa_constrictor	extant	18.5	16.3	18597
Calamagras_floridanus	extinct	18.5	16.3	18597
Ogmophis_pauperrimus	extinct	18.5	16.3	18597
Paraoxybelis_floridanus	extinct	18.5	16.3	18597
Pseudocemophora_antiqua	extinct	18.5	16.3	18597
Calamagras_weigeli	extinct	16.3	12.5	18646
Neonatrix_elongata	extinct	16.3	12.5	18646
Pantherophis_kansensis	extinct	16.3	12.5	18646
Anilioides_nebraskensis	extinct	23.03	20.44	18663
Neonatrix_elongata	extinct	16.3	12.5	18664
Pantherophis_kansensis	extinct	16.3	12.5	18664
Salvadora_paleolineata	extinct	16.3	12.5	18664
Texasophis_fossilis	extinct	16.3	12.5	18664
Boavus_occidentalis	extinct	16.3	12.5	18665
Dakotaophis_greeni	extinct	16.3	12.5	18665
Neonatrix_elongata	extinct	16.3	12.5	18665
Neonatrix_infera	extinct	16.3	12.5	18665
Ogmophis_miocompactus	extinct	16.3	12.5	18665
Salvadora_paleolineata	extinct	16.3	12.5	18665
Texasophis_fossilis	extinct	16.3	12.5	18665
Charina_prebottae	extinct	16.3	12.5	18759
Lampropeltis_similis	extinct	16.3	12.5	18759
Pantherophis_kansensis	extinct	16.3	12.5	18759
Paracoluber_storeri	extinct	16.3	12.5	18759
Ogmophis_arenarum	extinct	16.3	12.5	18894
Ameiseophis_robinsoni	extinct	18.5	16.3	19073
Paracoluber_storeri	extinct	18.5	16.3	19073
Pseudocemophora_antiqua	extinct	18.5	16.3	19073
Salvadora_paleolineata	extinct	18.5	16.3	19073
Ameiseophis_robinsoni	extinct	18.5	16.3	19074
Charina_prebottae	extinct	18.5	16.3	19074
Ogmophis_miocompactus	extinct	18.5	16.3	19074
Pseudocemophora_antiqua	extinct	18.5	16.3	19074
Ameiseophis_robinsoni	extinct	18.5	16.3	19075
Calamagras_weigeli	extinct	18.5	16.3	19075
Charina_prebottae	extinct	18.5	16.3	19075
Ogmophis_miocompactus	extinct	18.5	16.3	19075
Pseudocemophora_antiqua	extinct	18.5	16.3	19075
Ameiseophis_robinsoni	extinct	18.5	16.3	19077
Charina_prebottae	extinct	18.5	16.3	19077
Dakotaophis_greeni	extinct	18.5	16.3	19077
Pseudocemophora_antiqua	extinct	18.5	16.3	19077
Salvadora_paleolineata	extinct	18.5	16.3	19077
Ameiseophis_robinsoni	extinct	18.5	16.3	19078
Heterodon_nasicus	extant	9.4	4.7	19610
Lampropeltis_getula	extant	9.4	4.7	19610
Pituophis_melanoleucus	extant	9.4	4.7	19610
Nerodia_taxispilota	extant	4.7	1.4	19764
Coluber_constrictor	extant	4.7	1.4	19922
Pantherophis_obsoletus	extant	4.7	1.4	19922
Coluber_constrictor	extant	2.58	1.8	19927
Crotalus_viridis	extant	2.58	1.8	19927
Heterodon_nasicus	extant	2.58	1.8	19927
Lampropeltis_getula	extant	2.58	1.8	19927
Pantherophis_obsoletus	extant	2.58	1.8	19927
Sistrurus_catenatus	extant	2.58	1.8	19927
Coluber_constrictor	extant	4.7	1.4	19929
Pantherophis_obsoletus	extant	4.7	1.4	19929
Coluber_constrictor	extant	4.7	1.4	19931
Crotalus_viridis	extant	4.7	1.4	19931
Heterodon_platyrhinos	extant	4.7	1.4	19931
Heterodon_plionasicus	extinct	4.7	1.4	19931
Lampropeltis_getula	extant	4.7	1.4	19931
Pantherophis_obsoletus	extant	4.7	1.4	19931
Sistrurus_catenatus	extant	4.7	1.4	19931
Coluber_constrictor	extant	4.7	1.4	19936
Crotalus_viridis	extant	4.7	1.4	19936
Heterodon_platyrhinos	extant	4.7	1.4	19936
Heterodon_plionasicus	extinct	4.7	1.4	19936
Lampropeltis_getula	extant	4.7	1.4	19936
Pantherophis_obsoletus	extant	4.7	1.4	19936
Sistrurus_catenatus	extant	4.7	1.4	19936
Coluber_constrictor	extant	4.7	1.4	19940
Crotalus_viridis	extant	4.7	1.4	19940
Heterodon_plionasicus	extinct	4.7	1.4	19940
Lampropeltis_getula	extant	4.7	1.4	19940
Pantherophis_obsoletus	extant	4.7	1.4	19940
Coluber_constrictor	extant	4.7	1.4	19954
Crotalus_horridus	extant	4.7	1.4	19954
Heterodon_nasicus	extant	4.7	1.4	19954
Heterodon_platyrhinos	extant	4.7	1.4	19954
Lampropeltis_calligaster	extant	4.7	1.4	19954
Lampropeltis_getula	extant	4.7	1.4	19954
Lampropeltis_triangulum	extant	4.7	1.4	19954
Pantherophis_guttatus	extant	4.7	1.4	19954
Pantherophis_vulpinus	extant	4.7	1.4	19954
Sistrurus_catenatus	extant	4.7	1.4	19954
Thamnophis_sirtalis	extant	4.7	1.4	19954
Lampropeltis_triangulum	extant	4.7	1.4	19960
Nerodia_sipedon	extant	4.7	1.4	19960
Pantherophis_vulpinus	extant	4.7	1.4	19960
Thamnophis_sirtalis	extant	4.7	1.4	19960
Heterodon_platyrhinos	extant	4.7	1.4	19963
Charina_bottae	extant	4.7	1.4	20062
Lampropeltis_getula	extant	4.7	1.4	20062
Pantherophis_pliocenica	extinct	4.7	1.4	20062
Pantherophis_vulpinus	extant	4.7	1.4	20062
Lampropeltis_intermedius	extinct	4.7	1.4	20072
Heterodon_nasicus	extant	1.4	0.21	20157
Heterodon_platyrhinos	extant	1.4	0.21	20157
Lampropeltis_getula	extant	1.4	0.21	20157
Lampropeltis_triangulum	extant	1.4	0.21	20157
Pantherophis_vulpinus	extant	1.4	0.21	20157
Pituophis_melanoleucus	extant	1.4	0.21	20157
Heterodon_platyrhinos	extant	1.4	0.21	20165
Pantherophis_obsoletus	extant	1.4	0.21	20165
Heterodon_nasicus	extant	1.4	0.21	20167
Lampropeltis_calligaster	extant	1.4	0.21	20167
Coluber_constrictor	extant	1.4	0.21	20290
Lampropeltis_calligaster	extant	1.4	0.21	20290
Lampropeltis_getula	extant	1.4	0.21	20290
Pantherophis_guttatus	extant	1.4	0.21	20290
Pantherophis_vulpinus	extant	1.4	0.21	20290
Pituophis_melanoleucus	extant	1.4	0.21	20290
Thamnophis_sirtalis	extant	1.4	0.21	20290
Coluber_constrictor	extant	1.4	0.21	20293
Heterodon_nasicus	extant	1.4	0.21	20293
Nerodia_sipedon	extant	1.4	0.21	20293
Thamnophis_sirtalis	extant	1.4	0.21	20293
Coluber_constrictor	extant	1.4	0.21	20295
Crotalus_viridis	extant	1.4	0.21	20295
Lampropeltis_getula	extant	1.4	0.21	20295
Carphophis_amoenus	extant	1.4	0.21	20302
Coluber_constrictor	extant	1.4	0.21	20302
Crotalus_horridus	extant	1.4	0.21	20302
Diadophis_punctatus	extant	1.4	0.21	20302
Heterodon_platyrhinos	extant	1.4	0.21	20302
Lampropeltis_triangulum	extant	1.4	0.21	20302
Nerodia_sipedon	extant	1.4	0.21	20302
Pantherophis_vulpinus	extant	1.4	0.21	20302
Coluber_constrictor	extant	1.4	0.21	20309
Thamnophis_sirtalis	extant	1.4	0.21	20318
Heterodon_platyrhinos	extant	1.4	0.21	20332
Nerodia_sipedon	extant	1.4	0.21	20332
Crotalus_atrox	extant	1.4	0.21	20337
Crotalus_horridus	extant	1.4	0.21	20337
Lampropeltis_getula	extant	1.4	0.21	20337
Lampropeltis_triangulum	extant	1.4	0.21	20337
Nerodia_fasciata	extant	1.4	0.21	20337
Pantherophis_guttatus	extant	1.4	0.21	20337
Coluber_constrictor	extant	1.4	0.21	20354
Crotalus_horridus	extant	1.4	0.21	20354
Heterodon_platyrhinos	extant	1.4	0.21	20354
Lampropeltis_triangulum	extant	1.4	0.21	20354
Nerodia_sipedon	extant	1.4	0.21	20354
Pantherophis_vulpinus	extant	1.4	0.21	20354
Pituophis_melanoleucus	extant	0.774	0.129	20358
Thamnophis_sirtalis	extant	0.774	0.129	20358
Heterodon_nasicus	extant	0.774	0.129	20359
Heterodon_nasicus	extant	0.774	0.129	20360
Crotalus_viridis	extant	0.774	0.129	20361
Heterodon_nasicus	extant	0.774	0.129	20361
Thamnophis_sirtalis	extant	0.774	0.129	20361
Pituophis_melanoleucus	extant	0.774	0.129	20365
Thamnophis_sirtalis	extant	0.774	0.129	20369
Nerodia_erythrogaster	extant	2.58	1.8	20384
Nerodia_floridana	extant	2.58	1.8	20384
Regina_intermedia	extinct	2.58	1.8	20384
Nerodia_sipedon	extant	1.4	0.21	20389
Pantherophis_vulpinus	extant	1.4	0.21	20389
Thamnophis_sirtalis	extant	1.4	0.21	20389
Nerodia_sipedon	extant	1.4	0.21	20390
Pituophis_melanoleucus	extant	1.4	0.21	20390
Sistrurus_catenatus	extant	1.4	0.21	20390
Thamnophis_sirtalis	extant	1.4	0.21	20390
Heterodon_platyrhinos	extant	1.4	0.21	20391
Pantherophis_obsoletus	extant	1.4	0.21	20391
Agkistrodon_piscivorous	extant	1.4	0.21	20400
Crotalus_adamanteus	extant	1.4	0.21	20400
Pantherophis_obsoletus	extant	1.4	0.21	20400
Agkistrodon_piscivorous	extant	1.4	0.21	20402
Lampropeltis_getula	extant	1.4	0.21	20402
Nerodia_fasciata	extant	1.4	0.21	20402
Regina_alleni	extant	1.4	0.21	20402
Coluber_constrictor	extant	1.4	0.21	20422
Nerodia_sipedon	extant	1.4	0.21	20422
Pantherophis_vulpinus	extant	1.4	0.21	20422
Pituophis_melanoleucus	extant	1.4	0.21	20422
Coluber_constrictor	extant	1.4	0.21	20423
Diadophis_punctatus	extant	1.4	0.21	20423
Lampropeltis_getula	extant	1.4	0.21	20423
Nerodia_sipedon	extant	1.4	0.21	20423
Pituophis_melanoleucus	extant	1.4	0.21	20423
Heterodon_platyrhinos	extant	1.4	0.21	20427
Lampropeltis_calligaster	extant	1.4	0.21	20427
Drymarchon_corais	extant	0.21	0.014	20440
Oxybelis_acuminatus	extinct	1.4	0.21	20479
Carphophis_amoenus	extant	0.21	0.014	20491
Coluber_constrictor	extant	0.21	0.014	20491
Crotalus_adamanteus	extant	0.21	0.014	20491
Diadophis_punctatus	extant	0.21	0.014	20491
Drymarchon_corais	extant	0.21	0.014	20491
Heterodon_platyrhinos	extant	0.21	0.014	20491
Heterodon_simus	extant	0.21	0.014	20491
Lampropeltis_getula	extant	0.21	0.014	20491
Pantherophis_guttatus	extant	0.21	0.014	20491
Pantherophis_obsoletus	extant	0.21	0.014	20491
Pituophis_melanoleucus	extant	0.21	0.014	20491
Thamnophis_sirtalis	extant	0.21	0.014	20491
Nerodia_sipedon	extant	1.4	0.014	20492
Crotalus_viridis	extant	1.4	0.21	20516
Heterodon_platyrhinos	extant	1.4	0.21	20516
Nerodia_sipedon	extant	1.4	0.21	20516
Crotalus_atrox	extant	1.4	0.21	20530
Lampropeltis_getula	extant	1.4	0.21	20530
Nerodia_erythrogaster	extant	1.4	0.21	20530
Carphophis_amoenus	extant	0.129	0.0117	20573
Coluber_constrictor	extant	0.129	0.0117	20604
Nerodia_fasciata	extant	0.129	0.0117	20604
Thamnophis_sirtalis	extant	0.129	0.0117	20604
Coluber_constrictor	extant	0.129	0.0117	20605
Heterodon_nasicus	extant	0.129	0.0117	20605
Heterodon_platyrhinos	extant	0.129	0.0117	20605
Lampropeltis_calligaster	extant	0.129	0.0117	20605
Lampropeltis_getula	extant	0.129	0.0117	20605
Pantherophis_obsoletus	extant	0.129	0.0117	20605
Nerodia_floridana	extant	0.129	0.0117	20629
Agkistrodon_piscivorous	extant	0.129	0.0117	20638
Carphophis_amoenus	extant	0.129	0.0117	20638
Coluber_constrictor	extant	0.129	0.0117	20638
Crotalus_adamanteus	extant	0.129	0.0117	20638
Heterodon_platyrhinos	extant	0.129	0.0117	20638
Nerodia_sipedon	extant	0.129	0.0117	20638
Crotalus_viridis	extant	0.774	0.129	20639
Lampropeltis_getula	extant	0.774	0.129	20639
Pituophis_melanoleucus	extant	0.774	0.129	20639
Coluber_constrictor	extant	0.129	0.0117	20650
Crotalus_adamanteus	extant	0.129	0.0117	20650
Diadophis_punctatus	extant	0.129	0.0117	20650
Heterodon_platyrhinos	extant	0.129	0.0117	20650
Heterodon_simus	extant	0.129	0.0117	20650
Pituophis_melanoleucus	extant	0.129	0.0117	20650
Thamnophis_sirtalis	extant	0.129	0.0117	20650
Amaru_scagliai	extinct	56	47.8	20983
Bitis_arietans	extant	3.6	2.58	21810
Python_sebae	extant	15.98	11.63	21855
Bitis_olduvaiensis	extinct	1.8	0.774	22628
Python_sebae	extant	11.63	3.6	24181
Portugalophis_lignites	extinct	154.8	149.2	24563
Madtsoia_madagascariensis	extinct	72.1	66	25074
Lapparentophis_defrennei	extinct	145	93.9	25222
Madtsoia_pisdurensis	extinct	72.1	66	26370
Zilantophis_schuberti	extinct	9.4	1.4	26574
Micrurus_gallicus	extinct	20	11.63	26723
Naja_romani	extinct	20	11.63	26723
Natrix_sansaniensis	extinct	20	11.63	26723
Neonatrix_europaea	extinct	20	11.63	26723
Alamitophis_argentinus	extinct	72.1	66	26749
Eomadtsoia_ragei	extinct	72.1	66	26749
Ameiseophis_robinsoni	extinct	15.98	11.63	26758
Calamagras_weigeli	extinct	15.98	11.63	26758
Charina_prebottae	extinct	15.98	11.63	26758
Pseudocemophora_antiqua	extinct	15.98	11.63	26758
Ameiseophis_robinsoni	extinct	15.98	11.63	26759
Charina_prebottae	extinct	15.98	11.63	26759
Indophis_sahnii	extinct	72.1	66	27014
Boavus_occidentalis	extinct	50.5	46.2	27269
Gaimanophis_tenuis	extinct	20.9	17.4	27311
Paleoheterodon_tiheni	extinct	16.3	12.5	27481
Pterygoboa_miocenica	extinct	16.3	12.5	27481
Salvadora_paleolineata	extinct	16.3	12.5	27481
Geringophis_depressus	extinct	16.3	12.5	27507
Lampropeltis_similis	extinct	16.3	12.5	27507
Paleoheterodon_tiheni	extinct	16.3	12.5	27507
Pantherophis_kansensis	extinct	16.3	12.5	27507
Salvadora_paleolineata	extinct	16.3	12.5	27507
Huberophis_georgiensis	extinct	37.71	33.9	27508
Ogmophis_voorhiesi	extinct	37.71	33.9	27508
Pterosphenus_schucherti	extinct	37.71	33.9	27508
Calamagras_platyspondyla	extinct	23.1	18.5	27509
Ogmophis_miocompactus	extinct	23.1	18.5	27509
Geringophis_yatkolae	extinct	23.03	15.98	27510
Ogmophis_miocompactus	extinct	23.03	15.98	27510
Crotalus_horridus	extant	4.7	1.4	27572
Nerodia_rhombifer	extant	4.7	1.4	27572
Pantherophis_guttatus	extant	4.7	1.4	27572
Thamnophis_sirtalis	extant	4.7	1.4	27572
Palaeophis_littoralis	extinct	56	47.8	27622
Palaeophis_virginianus	extinct	56	47.8	27622
Pterosphenus_schucherti	extinct	37.71	33.9	27623
Heterodon_nasicus	extant	0.774	0.129	27638
Pterosphenus_schucherti	extinct	37.71	33.9	27641
Thamnophis_sirtalis	extant	0.774	0.129	27698
Wonambi_naracoortensis	extinct	2.58	0	28298
Pseudechis_porphyriacus	extant	0.774	0.129	28364
Pseudonaja_nuchalis	extant	0.774	0.129	28364
Wonambi_naracoortensis	extinct	0.774	0.129	28364
Herensugea_caristiorum	extinct	83.6	72.1	28406
Menarana_laurasiae	extinct	83.6	72.1	28406
Morelia_riversleighensis	extinct	15.98	11.63	28420
Calamagras_turkestanicus	extinct	56	47.8	28490
Palaeophis_ferganicus	extinct	56	47.8	28490
Krebsophis_thobanus	extinct	83.6	66	28491
Nubianophis_afaahus	extinct	83.6	66	28491
Calamagras_gallicus	extinct	56	47.8	28546
Waincophis_australis	extinct	15.4	13.7	28611
Bavarioboa_hermi	extinct	16.9	15.98	28629
Coluber_caspioides	extinct	16.9	15.98	28629
Falseryx_petersbuchi	extinct	16.9	15.98	28629
Micrurus_gallicus	extinct	16.9	15.98	28629
Naja_romani	extinct	16.9	15.98	28629
Natrix_sansaniensis	extinct	16.9	15.98	28629
Palaeonatrix_lehmani	extinct	16.9	15.98	28629
Vipera_antiqua	extinct	16.9	15.98	28629
Vipera_platyspondyla	extinct	16.9	15.98	28629
Palaeopython_cadurcensis	extinct	37.71	33.9	28747
Paleryx_rhombifer	extinct	37.71	33.9	28747
Paraplatyspondylia_batesi	extinct	37.71	33.9	28747
Russellophis_tenuis	extinct	37.71	33.9	28747
Vectophis_wardi	extinct	37.71	33.9	28747
Menarana_laurasiae	extinct	83.6	72.1	28765
Pterosphenus_schucherti	extinct	37.71	33.9	28983
Palaeopython_cadurcensis	extinct	41.2	37.71	31736
Bitis_arietans	extant	5.333	2.58	32050
Python_sebae	extant	5.333	2.58	32050
Paraxenophis_spanios	extinct	8.7	5.333	32189
Periergophis_micros	extinct	8.7	5.333	32189
Albaneryx_depereti	extinct	15.98	11.63	32191
Coluber_pouchetii	extinct	15.98	11.63	32191
Micrurus_gallicus	extinct	15.98	11.63	32191
Natrix_longivertebrata	extinct	15.98	11.63	32191
Natrix_sansaniensis	extinct	15.98	11.63	32191
Neonatrix_europaea	extinct	15.98	11.63	32191
Palaeonatrix_lehmani	extinct	15.98	11.63	32191
Paleoheterodon_arcuatus	extinct	15.98	11.63	32191
Texasophis_meini	extinct	15.98	11.63	32191
Madtsoia_madagascariensis	extinct	72.1	66	32366
Coronella_austriaca	extant	2.58	1.8	32485
Natrix_natrix	extant	2.58	1.8	32485
Vipera_berus	extant	2.58	1.8	32485
Zamenis_longissimus	extant	2.58	1.8	32485
Pterosphenus_schucherti	extinct	37.71	33.9	32908
Palaeophis_africanus	extinct	47.8	41.2	32991
Hierophis_viridiflavus	extant	4.2	3.2	33396
Natrix_longivertebrata	extinct	4.2	3.2	33396
Vipera_ammodytes	extant	4.2	3.2	33396
Hierophis_viridiflavus	extant	3.2	2.58	33473
Natrix_longivertebrata	extinct	3.2	2.58	33473
Vipera_ammodytes	extant	3.2	2.58	33473
Coronella_austriaca	extant	2.58	0.774	33480
Natrix_natrix	extant	2.58	0.774	33480
Vipera_berus	extant	2.58	0.774	33480
Zamenis_longissimus	extant	2.58	0.774	33480
Hierophis_viridiflavus	extant	3.2	2.58	33638
Natrix_longivertebrata	extinct	3.2	2.58	33638
Vipera_ammodytes	extant	3.2	2.58	33638
Zamenis_longissimus	extant	4.2	3.2	33872
Coronella_austriaca	extant	4.9	3.2	33873
Natrix_natrix	extant	4.9	3.2	33873
Vipera_berus	extant	4.9	3.2	33873
Zamenis_longissimus	extant	4.9	3.2	33873
Coronella_austriaca	extant	2.58	0	33874
Natrix_natrix	extant	2.58	0	33874
Vipera_berus	extant	2.58	0	33874
Zamenis_longissimus	extant	2.58	0	33874
Natrix_natrix	extant	0.129	0.0117	33976
Vipera_berus	extant	0.129	0.0117	33976
Zamenis_longissimus	extant	0.129	0.0117	33976
Natrix_natrix	extant	0.774	0.0117	33977
Vipera_berus	extant	0.774	0.0117	33977
Zamenis_longissimus	extant	0.129	0.0117	33979
Zamenis_scalaris	extant	1.8	0.774	34128
Coronella_austriaca	extant	2.58	0	34192
Natrix_natrix	extant	2.58	0	34192
Vipera_berus	extant	2.58	0	34192
Coronella_austriaca	extant	4.2	3.2	34255
Elaphe_quatuorlineata	extant	4.2	3.2	34255
Hierophis_viridiflavus	extant	4.2	3.2	34255
Natrix_natrix	extant	4.2	3.2	34255
Crotalus_adamanteus	extant	0.129	0.0117	34269
Drymarchon_corais	extant	0.129	0.0117	34269
Farancia_abacura	extant	0.129	0.0117	34269
Elaphe_quatuorlineata	extant	3.1	2.58	34592
Zamenis_longissimus	extant	3.1	2.58	34592
Vipera_ammodytes	extant	2.58	0.774	34767
Zamenis_longissimus	extant	2.58	0.774	34767
Elaphe_paralongissima	extinct	4.2	2.58	34840
Natrix_longivertebrata	extinct	4.2	2.58	34840
Coronella_austriaca	extant	1.8	0.774	34870
Natrix_natrix	extant	1.8	0.774	34870
Vipera_aspis	extant	1.8	0.774	34870
Zamenis_scalaris	extant	1.8	0.774	34870
Natrix_maura	extant	2.58	0.774	34898
Coronella_austriaca	extant	2.58	0	34920
Natrix_natrix	extant	2.58	0	34920
Vipera_aspis	extant	2.58	0	34920
Zamenis_scalaris	extant	2.58	0	34920
Coronella_austriaca	extant	0.774	0.129	34924
Zamenis_scalaris	extant	0.774	0.129	34924
Coronella_austriaca	extant	0.774	0.129	34925
Natrix_maura	extant	0.774	0.129	34925
Natrix_natrix	extant	0.774	0.129	34925
Vipera_aspis	extant	0.774	0.129	34925
Zamenis_scalaris	extant	0.774	0.129	34925
Coronella_austriaca	extant	0.774	0.129	34926
Coronella_girondica	extant	0.774	0.129	34926
Natrix_maura	extant	0.774	0.129	34926
Vipera_aspis	extant	0.774	0.129	34926
Vipera_latastei	extant	0.774	0.129	34926
Zamenis_scalaris	extant	0.774	0.129	34926
Elaphe_quatuorlineata	extant	5.333	2.58	35354
Calamagras_gallicus	extinct	56	47.8	35533
Dunnophis_matronensis	extinct	56	47.8	35533
Calamagras_gallicus	extinct	56	47.8	35535
Dunnophis_matronensis	extinct	56	47.8	35535
Calamagras_gallicus	extinct	56	47.8	35539
Dunnophis_matronensis	extinct	56	47.8	35539
Malpolon_monspessulanus	extant	5.333	2.58	36014
Laophis_crotaloides	extinct	5.333	3.1	36579
Coluber_cadurci	extinct	33.9	27.82	36709
Coluber_cadurci	extinct	33.9	27.82	36711
Bavarioboa_crocheti	extinct	27.82	23.03	36712
Bransateryx_vireti	extinct	27.82	23.03	36712
Platyspondylia_lepta	extinct	27.82	23.03	36712
Bavarioboa_crocheti	extinct	27.82	23.03	36715
Platyspondylia_lepta	extinct	27.82	23.03	36715
Bavarioboa_vaylatsae	extinct	27.82	23.03	36718
Coronella_austriaca	extant	0.774	0.129	36758
Menarana_laurasiae	extinct	83.6	72.1	37199
Coluber_planicarinatus	extinct	8.7	7.75	37789
Macrovipera_gedulyi	extinct	8.7	7.75	37789
Naja_romani	extinct	8.7	7.75	37789
Natrix_longivertebrata	extinct	8.7	7.75	37789
Zamenis_kohfidischi	extinct	8.7	7.75	37789
Woutersophis_novus	extinct	47.8	41.2	38719
Paleryx_rhombifer	extinct	37.71	33.9	38862
Eophis_underwoodi	extinct	168.2	165.3	39075
Headonophis_harrisoni	extinct	37.71	33.9	39236
Paleryx_rhombifer	extinct	37.71	33.9	39236
Vectophis_wardi	extinct	37.71	33.9	39236
Madtsoia_madagascariensis	extinct	72.1	66	39265
Adinophis_fisaka	extinct	72.1	66	39266
Kelyophis_hechti	extinct	72.1	66	39266
Menarana_nosymena	extinct	72.1	66	39266
Waincophis_australis	extinct	56	47.9	39295
Vectophis_wardi	extinct	37.71	33.9	39299
Cadurceryx_pearchi	extinct	37.71	33.9	39662
Hordleophis_balconae	extinct	37.71	33.9	39662
Palaeopython_cadurcensis	extinct	37.71	33.9	39662
Paraplatyspondylia_batesi	extinct	37.71	33.9	39662
Totlandophis_thomasae	extinct	37.71	33.9	39662
Palaeophis_typhaeus	extinct	47.8	41.2	41847
Palaeophis_typhaeus	extinct	47.8	41.2	41989
Palaeophis_typhaeus	extinct	47.8	41.2	41992
Palaeophis_typhaeus	extinct	47.8	41.2	41998
Eoconstrictor_spinifer	extinct	47.8	41.2	45002
Palaeopython_ceciliensis	extinct	47.8	41.2	45002
Natrix_natrix	extant	2.58	0.774	45063
Zamenis_longissimus	extant	2.58	0.774	45063
Coronella_austriaca	extant	2.58	0.774	45065
Natrix_natrix	extant	2.58	0.774	45065
Vipera_berus	extant	2.58	0.774	45065
Coronella_austriaca	extant	2.58	0.774	45067
Natrix_natrix	extant	2.58	0.774	45067
Zamenis_longissimus	extant	2.58	0.774	45067
Coronella_austriaca	extant	2.58	0.774	45069
Natrix_natrix	extant	2.58	0.774	45069
Vipera_berus	extant	2.58	0.774	45072
Alamitophis_argentinus	extinct	83.6	66	45087
Patagoniophis_parvus	extinct	83.6	66	45087
Rionegrophis_madtsoioides	extinct	83.6	66	45087
Palaeophis_africanus	extinct	37.71	33.9	45640
Pterosphenus_schucherti	extinct	37.71	33.9	45640
Pterosphenus_schucherti	extinct	37.71	33.9	45641
Simoliophis_libycus	extinct	100.5	93.9	45725
Palaeophis_toliapicus	extinct	56	47.8	45802
Dinilysia_patagonica	extinct	86.3	83.6	47798
Dinilysia_patagonica	extinct	86.3	83.6	47808
Dinilysia_patagonica	extinct	86.3	83.6	47810
Pterosphenus_kutchensis	extinct	41.2	37.71	48074
Pterosphenus_schucherti	extinct	41.2	37.71	48074
Pterosphenus_kutchensis	extinct	41.2	37.71	48075
Pterosphenus_schucherti	extinct	41.2	37.71	48075
Pterosphenus_sheppardi	extinct	37.71	33.9	48076
Gigantophis_garstini	extinct	41.2	33.9	48077
Pterosphenus_schucherti_	extinct	41.2	33.9	48077
Corallus_priscus	extinct	59.2	47.8	48091
Hechtophis_austrinus	extinct	59.2	47.8	48091
Itaboraiophis_depressus	extinct	59.2	47.8	48091
Madtsoia_camposi	extinct	59.2	47.8	48091
Paraungaliophis_pricei	extinct	59.2	47.8	48091
Paulacoutophis_perplexus	extinct	59.2	47.8	48091
Waincophis_cameratus	extinct	59.2	47.8	48091
Waincophis_pressulus	extinct	59.2	47.8	48091
Palaeophis_colossaeus	extinct	56	47.8	48097
Palaeophis_oweni	extinct	41.2	37.71	48159
Coluber_caspioides	extinct	20	15.98	48173
Coluber_dolnicensis	extinct	20	15.98	48173
Coluber_suevicus	extinct	20	15.98	48173
Natrix_merkurensis	extinct	20	15.98	48173
Natrix_sansaniensis	extinct	20	15.98	48173
Natrix_longivertebrata	extinct	7.75	7.246	48175
Vipera_meotica	extinct	7.75	7.246	48175
Zamenis_kohfidischi	extinct	7.75	7.246	48175
Coluber_hungaricus	extinct	8.7	5.333	48294
Coronella_miocaenica	extinct	8.7	5.333	48294
Macrovipera_gedulyi	extinct	8.7	5.333	48294
Natrix_longivertebrata	extinct	8.7	5.333	48294
Zamenis_praelonguissimus	extinct	8.7	5.333	48294
Zamenis_szyndlari	extinct	8.7	5.333	48294
Coluber_hungaricus	extinct	8.7	5.333	48295
Coronella_miocaenica	extinct	8.7	5.333	48295
Macrovipera_gedulyi	extinct	8.7	5.333	48295
Zamenis_szyndlari	extinct	8.7	5.333	48295
Coluber_hungaricus	extinct	8.7	5.333	48296
Coronella_miocaenica	extinct	8.7	5.333	48296
Macrovipera_gedulyi	extinct	8.7	5.333	48296
Natrix_longivertebrata	extinct	8.7	5.333	48296
Zamenis_praelonguissimus	extinct	8.7	5.333	48296
Acrochordus_dehmi	extinct	11.63	5.333	48329
Albaneryx_volynicus	extinct	11.63	8.7	48446
Macrovipera_ukrainica	extinct	11.63	8.7	48446
Naja_romani	extinct	11.63	8.7	48446
Vipera_berus	extant	11.63	8.7	48446
Natrix_parva	extinct	8.7	5.333	48517
Zelceophis_xenos	extinct	8.7	5.333	48517
Madtsoia_madagascariensis	extinct	72.1	66	48539
Madtsoia_madagascariensis	extinct	72.1	66	48540
Madtsoia_madagascariensis	extinct	72.1	66	48541
Natrix_natrix	extant	2.58	0	48542
Zamenis_longissimus	extant	2.58	0	48542
Coronella_austriaca	extant	2.58	0	48543
Vipera_berus	extant	2.58	0	48543
Zamenis_longissimus	extant	2.58	0	48543
Natrix_natrix	extant	2.58	0	48544
Natrix_natrix	extant	2.58	0	48545
Zamenis_longissimus	extant	2.58	0	48545
Zamenis_longissimus	extant	2.58	0	48550
Vipera_berus	extant	2.58	0	48552
Zamenis_longissimus	extant	2.58	0	48552
Natrix_natrix	extant	0.0117	0	48553
Natrix_natrix	extant	0.0117	0	48554
Zamenis_longissimus	extant	0.0117	0	48554
Naja_antiqua	extinct	15.98	11.63	48630
Python_maurus	extinct	15.98	11.63	48630
Vipera_maghrebiana	extinct	15.98	11.63	48630
Acrochordus_dehmi	extinct	15.98	11.63	48680
Acrochordus_dehmi	extinct	15.98	11.63	48681
Acrochordus_dehmi	extinct	15.98	11.63	48696
Madtsoia_madagascariensis	extinct	89.8	83.6	48867
Vialovophis_zhylan	extinct	59.2	56	48888
Alamitophis_elongatus	extinct	83.6	66	48999
Australophis_anilioides	extinct	83.6	66	48999
Nessovophis_zhylga	extinct	56	47.8	49051
Michauxophis_occitanus	extinct	3.6	2.58	49096
Zamenis_longissimus	extant	3.6	2.58	49096
Palaeophis_ferganicus	extinct	56	47.8	49136
Palaeophis_tamdy	extinct	41.2	37.71	49137
Palaeophis_nessovi	extinct	41.2	37.71	49152
Palaeophis_nessovi	extinct	41.2	33.9	49160
Palaeophis_nessovi	extinct	37.71	33.9	49167
Coluber_suevicus	extinct	12.8	11.1	49520
Alamitophis_argentinus	extinct	83.6	66	49557
Australophis_anilioides	extinct	83.6	66	49557
Patagoniophis_parvus	extinct	83.6	66	49557
Natrix_natrix	extant	0.774	0.129	49816
Vipera_berus	extant	0.774	0.129	49816
Natrix_natrix	extant	2.58	0	49995
Natrix_natrix	extant	2.58	0	49997
Natrix_natrix	extant	0.774	0.129	49999
Hierophis_viridiflavus	extant	4.2	3.2	50940
Naja_romani	extinct	15.98	13.82	51002
Zamenis_kohfidischi	extinct	15.98	13.82	51002
Liasis_dubudingala	extinct	5.333	3.6	51266
Natrix_natrix	extant	0.0117	0	52489
Natrix_natrix	extant	0.0117	0	52490
Natrix_natrix	extant	0.0117	0	52492
Natrix_natrix	extant	0.0117	0	52493
Natrix_natrix	extant	0.0117	0	52512
Natrix_natrix	extant	0.0117	0	52513
Natrix_natrix	extant	0.0117	0	52514
Natrix_natrix	extant	0.0117	0	52516
Diablophis_gilmorei	extinct	149.2	145	53040
Mesophis_nopcsai	extinct	100.5	93.9	53519
Pachyophis_woodwardi	extinct	100.5	93.9	53519
Anomalophis_bolcensis	extinct	56	47.8	55239
Archaeophis_proavus	extinct	56	47.8	55239
Palaeophis_maghrebianus	extinct	56	47.8	55249
Palaeophis_maghrebianus	extinct	56	47.8	55250
Pterosphenus_schucherti	extinct	37.71	33.9	55251
Palaeophis_grandis	extinct	56	47.8	55255
Kelyophis_hechti	extinct	72.1	66	55268
Madtsoia_madagascariensis	extinct	72.1	66	55268
Madtsoia_madagascariensis	extinct	72.1	66	55269
Adinophis_fisaka	extinct	72.1	66	55270
Palaeophis_vastaniensis	extinct	56	47.8	55494
Procerophis_sahnii	extinct	56	47.8	55494
Russellophis_crassus	extinct	56	47.8	55494
Colombophis_portai	extinct	11.63	7.246	55602
Colombophis_spinosus	extinct	11.63	7.246	55602
Hierophis_viridiflavus	extant	2.58	0.774	56733
Natrix_natrix	extant	0.129	0.0117	56735
Alamitophis_tingamarra	extinct	56	47.8	59088
Patagoniophis_australiensis	extinct	56	47.8	59088
Bransateryx_vireti	extinct	27.82	23.03	59124
Eoanilius_oligocenicus	extinct	27.82	23.03	59124
Rottophis_atavus	extinct	27.82	23.03	59124
Bavarioboa_minuta	extinct	27.82	23.03	59125
Bransateryx_vireti	extinct	27.82	23.03	59125
Eoanilius_oligocenicus	extinct	27.82	23.03	59125
Bavarioboa_herrlingensis	extinct	27.82	23.03	59126
Platyspondylia_germanica	extinct	27.82	23.03	59126
Simoliophis_rochebrunei	extinct	100.5	93.9	59809
Python_sebae	extant	7.246	5.333	59839
Bavarioboa_ultima	extinct	15.98	13.82	60213
Bransateryx_vireti	extinct	33.9	23.03	60214
Coluber_cadurci	extinct	33.9	23.03	60214
Bavarioboa_bachensis	extinct	27.82	23.03	60215
Vipera_sarmatica	extinct	9.7	8.7	60268
Bransateryx_vireti	extinct	27.82	23.03	60281
Coluber_cadurci	extinct	27.82	23.03	60281
Bransateryx_vireti	extinct	27.82	23.03	60282
Platyspondylia_lepta	extinct	27.82	23.03	60282
Coluber_cadurci	extinct	20	15.98	60283
Eupodophis_descouensi	extinct	100.5	93.9	60285
Eupodophis_descouensi	extinct	100.5	93.9	60311
Madtsoia_pisdurensis	extinct	72.1	66	60397
Madtsoia_bai	extinct	47.8	37.71	61228
Madtsoia_bai	extinct	56	33.9	61230
Sanajeh_indicus	extinct	72.1	66	61499
Thamnophis_sirtalis	extant	0.129	0	63429
Colombophis_spinosus	extinct	15.98	11.63	63517
Nigerophis_mirus	extinct	61.6	56	63545
Nigerophis_mirus	extinct	61.6	56	63546
Dinilysia_patagonica	extinct	86.3	83.6	63679
Eoanilius_oligocenicus	extinct	23.03	15.98	64378
Eoanilius_oligocenicus	extinct	23.03	22.4	64382
Simoliophis_rochebrunei	extinct	100.5	93.9	65421
Bransateryx_vireti	extinct	27.82	23.03	66109
Colombophis_spinosus	extinct	11.63	7.246	67386
Gigantophis_garstini	extinct	37.71	33.9	67706
Pterosphenus_schucherti_	extinct	37.71	33.9	67706
Nidophis_insularis	extinct	72.1	66	67817
Dunnophis_matronensis	extinct	56	47.8	68174
Calamagras_gallicus	extinct	56	47.8	68440
Dunnophis_matronensis	extinct	56	47.8	68440
Palaeophis_toliapicus	extinct	56	47.8	68440
Palaeophis_typhaeus	extinct	56	47.8	68440
Russellophis_tenuis	extinct	56	47.8	68440
Palaeonatrix_lehmani	extinct	16.9	15.98	68711
Incongruelaps_iteratus	extinct	11.63	7.246	68775
Hierophis_viridiflavus	extant	0.774	0.129	69062
Coluber_caspioides	extinct	20.44	15.98	69098
Eoanilius_oligocenicus	extinct	20	16.9	69179
Bransateryx_vireti	extinct	23.03	22.4	69617
Coluber_cadurci	extinct	23.03	22.4	69617
Falseryx_petersbuchi	extinct	23.03	22.4	69617
Vipera_antiqua	extinct	23.03	22.4	69617
Zamenis_kohfidischi	extinct	23.03	22.4	69617
Coluber_caspius	extant	7.246	4.9	69917
Coluber_hungaricus	extinct	7.246	4.9	69917
Elaphe_kormosi	extinct	7.246	4.9	69917
Macrovipera_gedulyi	extinct	7.246	4.9	69917
Natrix_longivertebrata	extinct	7.246	4.9	69917
Zamenis_praelonguissimus	extinct	7.246	4.9	69917
Madtsoia_madagascariensis	extinct	72.1	66	70075
Diablophis_gilmorei	extinct	149.2	146.3	71476
Indophis_sahnii	extinct	72.1	66	72320
Simoliophis_rochebrunei	extinct	100.5	93.9	73862
Simoliophis_rochebrunei	extinct	100.5	93.9	73863
Coluber_caspioides	extinct	16.9	15.98	74539
Naja_romani	extinct	11.1	9.7	75481
Pterosphenus_schucherti	extinct	37.71	33.9	75638
Falseryx_neervelpensis	extinct	33.9	27.82	75867
Calamagras_angulatus	extinct	24.7	23.1	75874
Anilioides_nebraskensis	extinct	24.7	23.1	75875
Geringophis_depressus	extinct	24.7	23.1	75875
Calamagras_angulatus	extinct	24.7	23.1	75877
Calamagras_angulatus	extinct	24.7	23.1	75878
Calamagras_platyspondyla	extinct	24.7	23.1	75878
Geringophis_vetus	extinct	33.9	31.8	75879
Helagras_orellanensis	extinct	33.9	31.8	75879
Crotalus_adamanteus	extant	0.774	0.129	75974
Drymarchon_corais	extant	0.774	0.129	75974
Lampropeltis_getula	extant	0.774	0.129	75974
Crotalus_horridus	extant	0.129	0.0117	75995
Nerodia_sipedon	extant	0.129	0.0117	75995
Pantherophis_vulpinus	extant	0.129	0.0117	75995
Pantherophis_obsoletus	extant	0.129	0.0117	76049
Arizona_elegans	extant	0.129	0.0117	76101
Heterodon_nasicus	extant	0.129	0.0117	76101
Heterodon_platyrhinos	extant	0.129	0.0117	76101
Lampropeltis_getula	extant	0.129	0.0117	76101
Lampropeltis_triangulum	extant	0.129	0.0117	76101
Pantherophis_guttatus	extant	0.129	0.0117	76101
Pantherophis_obsoletus	extant	0.129	0.0117	76101
Pituophis_melanoleucus	extant	0.129	0.0117	76101
Palaeophis_toliapicus	extinct	56	47.8	76601
Afrotortrix_draaensis	extinct	56	41.2	77014
Simoliophis_rochebrunei	extinct	100.5	93.9	77229
Simoliophis_rochebrunei	extinct	100.5	93.9	77230
Simoliophis_rochebrunei	extinct	100.5	93.9	77231
Simoliophis_rochebrunei	extinct	100.5	93.9	77232
Simoliophis_rochebrunei	extinct	100.5	93.9	77233
Zamenis_scalaris	extant	2.58	1.8	77773
Madtsoia_madagascariensis	extinct	72.1	66	78931
Dunnophis_matronensis	extinct	56	47.8	79200
Coluber_dolnicensis	extinct	12.8	11.1	79360
Micrurus_gallicus	extinct	12.8	11.1	79360
Naja_romani	extinct	12.8	11.1	79360
Natrix_sansaniensis	extinct	12.8	11.1	79360
Neonatrix_crassa	extinct	12.8	11.1	79360
Neonatrix_europaea	extinct	12.8	11.1	79360
Paleoheterodon_arcuatus	extinct	12.8	11.1	79360
Texasophis_meini	extinct	12.8	11.1	79360
Natrix_longivertebrata	extinct	12.8	11.1	79361
Coluber_constrictor	extant	0.129	0.0117	79630
Crotalus_atrox	extant	0.129	0.0117	79632
Pituophis_melanoleucus	extant	0.129	0.0117	79632
Coluber_constrictor	extant	0.129	0.0117	79667
Gigantophis_garstini	extinct	37.71	33.9	79700
Pterosphenus_schucherti_	extinct	37.71	33.9	79700
Carphophis_amoenus	extant	0.129	0.0117	82258
Coluber_constrictor	extant	0.129	0.0117	82258
Crotalus_adamanteus	extant	0.129	0.0117	82258
Crotalus_horridus	extant	0.129	0.0117	82258
Pantherophis_guttatus	extant	0.129	0.0117	82258
Thamnophis_sirtalis	extant	0.129	0.0117	82258
Python_sebae	extant	0.0117	0	83303
Python_sebae	extant	0.0117	0	83304
Palaeophis_africanus	extinct	47.8	41.2	83988
Coluber_constrictor	extant	0.129	0.0117	84181
Crotalus_horridus	extant	0.129	0.0117	84181
Diadophis_punctatus	extant	0.129	0.0117	84181
Lampropeltis_getula	extant	0.129	0.0117	84181
Lampropeltis_triangulum	extant	0.129	0.0117	84181
Pantherophis_guttatus	extant	0.129	0.0117	84181
Pantherophis_vulpinus	extant	0.129	0.0117	84181
Thamnophis_sirtalis	extant	0.129	0.0117	84181
Eoanilius_oligocenicus	extinct	27.82	23.03	84364
Texasophis_hecki	extinct	27.82	23.03	84364
Rottophis_atavus	extinct	27.82	23.03	84606
Phosphoroboa_filholi	extinct	37.71	33.9	84657
Madtsoia_madagascariensis	extinct	72.1	66	84844
Crotalus_viridis	extant	0.21	0	84904
Coronella_austriaca	extant	0.774	0.129	84938
Coronella_girondica	extant	0.774	0.129	84938
Malpolon_monspessulanus	extant	0.774	0.129	84938
Vipera_aspis	extant	0.774	0.129	84938
Zamenis_longissimus	extant	0.774	0.129	84938
Zamenis_scalaris	extant	0.774	0.129	84938
Calamagras_gallicus	extinct	56	47.8	84997
Dunnophis_matronensis	extinct	56	47.8	84997
Russellophis_tenuis	extinct	56	47.8	84997
Palaeophis_maghrebianus	extinct	56	47.8	87890
Madtsoia_madagascariensis	extinct	72.1	66	91207
Coluber_constrictor	extant	0.129	0.0117	93103
Crotalus_atrox	extant	0.129	0.0117	93139
Lampropeltis_getula	extant	0.129	0.0117	93141
Salvadora_grahamiae	extant	0.129	0.0117	93141
Arizona_elegans	extant	0.129	0	93374
Crotalus_atrox	extant	0.129	0	93374
Lampropeltis_getula	extant	0.129	0	93374
Pituophis_melanoleucus	extant	0.129	0	93374
Natrix_natrix	extant	0.129	0.0117	93804
Natrix_maura	extant	0.129	0.0117	93805
Natrix_natrix	extant	0.129	0.0117	93805
Natrix_maura	extant	0.129	0.0117	93816
Natrix_natrix	extant	0.129	0.0117	93816
Vipera_berus	extant	0.129	0.0117	93816
Zamenis_longissimus	extant	0.129	0.0117	93816
Natrix_natrix	extant	0.129	0.0117	93820
Boa_constrictor	extant	0.0117	0	94616
Wonambi_naracoortensis	extinct	2.58	0	96021
Eryx_linxiaensis	extinct	7.75	4.9	96188
Norisophis_begaa	extinct	100.5	93.9	96223
Menarana_nosymena	extinct	72.1	66	96692
Madtsoia_madagascariensis	extinct	72.1	66	96693
Menarana_nosymena	extinct	72.1	66	96693
Menarana_nosymena	extinct	72.1	66	96694
Crotalus_atrox	extant	0.129	0.0117	99602
Crotalus_viridis	extant	0.129	0.0117	99602
Lampropeltis_getula	extant	0.129	0.0117	99602
Hibernophis_breithaupti	extinct	33.9	31.8	99678
Crotalus_adamanteus	extant	0.129	0.0117	100343
Nerodia_sipedon	extant	0.129	0.0117	103358
Pantherophis_obsoletus	extant	0.129	0.0117	103358
Crotalus_horridus	extant	0.129	0	104689
Palaeophis_virginianus	extinct	59.2	47.8	105244
Titanoboa_cerrejonensis	extinct	61.6	56	106271
Boa_constrictor	extant	0.3	0.0117	106304
Morelia_riversleighensis	extinct	23.03	15.98	106497
Nanowana_godthelpi	extinct	23.03	15.98	106497
Nanowana_schrenki	extinct	23.03	15.98	106497
Wonambi_barriei	extinct	23.03	15.98	106498
Palaeophis_nessovi	extinct	47.8	37.71	113113
Palaeophis_nessovi	extinct	41.2	37.71	113115
Palaeophis_nessovi	extinct	41.2	37.71	113116
Palaeophis_nessovi	extinct	41.2	37.71	113117
Boipeba_tayasuensis	extinct	83.6	66	114829
Palaeophis_colossaeus	extinct	56	47.8	114961
Simoliophis_libycus	extinct	100.5	93.9	115189
Bransateryx_vireti	extinct	33.9	27.82	118196
Eoanilius_oligocenicus	extinct	33.9	27.82	118196
Texasophis_bohemiacus	extinct	33.9	27.82	118196
Calamagras_angulatus	extinct	33.9	31.8	118198
Calamagras_murivorus	extinct	33.9	31.8	118198
Calamagras_talpivorus	extinct	33.9	31.8	118198
Neurodromicus_dorsalis	extinct	33.9	31.8	118198
Madtsoia_madagascariensis	extinct	72.1	66	118210
Eoconstrictor_fischeri	extinct	47.8	41.2	120798
Messelophis_variatus	extinct	47.8	41.2	120798
Messelopython_freyi	extinct	47.8	41.2	120798
Rieppelophis_ermannorum	extinct	47.8	41.2	120798
Eomadtsoia_ragei	extinct	72.1	66	121187
Anilius_scytale	extant	3.6	2.58	122033
Natrix_natrix	extant	2.58	0	122802
Carphophis_amoenus	extant	2.58	0	123875
Coluber_constrictor	extant	2.58	0	123875
Crotalus_horridus	extant	2.58	0	123875
Lampropeltis_triangulum	extant	2.58	0	123875
Nerodia_sipedon	extant	2.58	0	123875
Coluber_constrictor	extant	2.58	0	124319
Crotalus_horridus	extant	2.58	0	124319
Heterodon_platyrhinos	extant	2.58	0	124319
Lampropeltis_triangulum	extant	2.58	0	124319
Nerodia_sipedon	extant	2.58	0	124319
Pantherophis_vulpinus	extant	2.58	0	124319
Sistrurus_catenatus	extant	2.58	0	124319
Woutersophis_novus	extinct	47.8	41.2	124459
Woutersophis_novus	extinct	47.8	41.2	124461
Woutersophis_novus	extinct	47.8	41.2	124686
Cheilophis_huerfanoensis	extinct	59.2	56	124965
Pterosphenus_schucherti	extinct	59.2	56	124965
Helagras_prisciformis	extinct	66	63.8	125183
Zamenis_longissimus	extant	0.129	0.0117	125313
Vipera_berus	extant	0.129	0.0117	125321
Carphophis_amoenus	extant	2.58	0	125951
Lampropeltis_triangulum	extant	2.58	0	125951
Nerodia_sipedon	extant	2.58	0	125951
Boavus_occidentalis	extinct	50.5	46.2	130809
Pterosphenus_schucherti	extinct	41.2	37.71	134300
Nanowana_godthelpi	extinct	20.44	15.98	134946
Nanowana_schrenki	extinct	20.44	15.98	134946
Wonambi_barriei	extinct	20.44	15.98	134946
Nanowana_godthelpi	extinct	23.03	15.98	134947
Nanowana_schrenki	extinct	23.03	15.98	134947
Morelia_riversleighensis	extinct	23.03	15.98	134948
Bavarioboa_hermi	extinct	15.98	13.82	134954
Coluber_caspioides	extinct	15.98	13.82	134954
Coluber_hungaricus	extinct	15.98	13.82	134954
Micrurus_gallicus	extinct	15.98	13.82	134954
Texasophis_meini	extinct	15.98	13.82	134954
Coluber_caspioides	extinct	15.98	13.82	135038
Morelia_riversleighensis	extinct	20.44	15.98	135708
Nanowana_godthelpi	extinct	23.03	15.98	135748
Coronella_miocaenica	extinct	12.8	11.63	135812
Wonambi_naracoortensis	extinct	2.58	0	135983
Vipera_natiensis	extinct	5.333	3.6	136065
Coluber_hungaricus	extinct	5.333	3.6	136066
Coronella_austriaca	extant	5.333	3.6	136066
Natrix_longivertebrata	extinct	5.333	3.6	136066
Vipera_ammodytes	extant	5.333	3.6	136066
Vipera_berus	extant	5.333	3.6	136066
Zamenis_praelonguissimus	extinct	5.333	3.6	136066
Coluber_hungaricus	extinct	5.333	3.6	136067
Coronella_austriaca	extant	5.333	3.6	136067
Elaphe_kormosi	extinct	5.333	3.6	136067
Natrix_longivertebrata	extinct	5.333	3.6	136067
Vipera_ammodytes	extant	5.333	3.6	136067
Zamenis_praelonguissimus	extinct	5.333	3.6	136067
Coronella_austriaca	extant	5.333	3.6	136068
Natrix_longivertebrata	extinct	5.333	3.6	136068
Austrelaps_superbus	extant	0.129	0.0117	136072
Wonambi_naracoortensis	extinct	0.774	0.0117	136075
Texasophis_galbreathi	extinct	33.9	31.8	136087
Wonambi_naracoortensis	extinct	2.58	0	136159
Pseudechis_porphyriacus	extant	0.129	0	136172
Pseudonaja_nuchalis	extant	0.129	0	136172
Wonambi_naracoortensis	extinct	0.129	0	136172
Naja_romani	extinct	12.8	11.1	136199
Natrix_longivertebrata	extinct	12.8	11.1	136199
Paleoheterodon_arcuatus	extinct	12.8	11.1	136199
Texasophis_meini	extinct	12.8	11.1	136199
Micrurus_gallicus	extinct	12.8	11.1	136201
Paleoheterodon_arcuatus	extinct	12.8	11.1	136201
Texasophis_meini	extinct	12.8	11.1	136201
Wonambi_naracoortensis	extinct	2.58	0	136222
Wonambi_naracoortensis	extinct	11.63	3.6	136228
Vipera_natiensis	extinct	5.333	2.58	136229
Pseudechis_porphyriacus	extant	2.58	0	136430
Pseudonaja_nuchalis	extant	2.58	0	136430
Coluber_pouchetii	extinct	16.9	15.98	136919
Micrurus_gallicus	extinct	16.9	15.98	136919
Natrix_longivertebrata	extinct	16.9	15.98	136919
Natrix_merkurensis	extinct	16.9	15.98	136919
Natrix_sansaniensis	extinct	16.9	15.98	136919
Neonatrix_europaea	extinct	16.9	15.98	136919
Palaeonatrix_lehmani	extinct	16.9	15.98	136919
Texasophis_meini	extinct	16.9	15.98	136919
Cerberophis_robustus	extinct	72.1	66	137565
Morelia_riversleighensis	extinct	15.98	11.63	137618
Morelia_riversleighensis	extinct	15.98	11.63	137790
Simoliophis_rochebrunei	extinct	100.5	93.9	138329
Seismophis_septentrionalis	extinct	100.5	93.9	138577
Bavarioboa_hermi	extinct	16.9	15.98	138666
Coluber_dolnicensis	extinct	16.9	15.98	138666
Falseryx_petersbuchi	extinct	16.9	15.98	138666
Neonatrix_nova	extinct	16.9	15.98	138666
Palaeonatrix_lehmani	extinct	16.9	15.98	138666
Texasophis_bohemiacus	extinct	16.9	15.98	138666
Vipera_antiqua	extinct	16.9	15.98	138666
Vipera_platyspondyla	extinct	16.9	15.98	138666
Eoanilius_oligocenicus	extinct	20.44	15.98	138825
Palaeophis_nessovi	extinct	47.8	37.71	140018
Palaeophis_tamdy	extinct	47.8	37.71	140018
Pantherophis_pliocenica	extinct	4.7	1.4	140258
Pantherophis_vulpinus	extant	4.7	1.4	140258
Crotalus_atrox	extant	0.129	0.0117	140704
Liasis_dubudingala	extinct	5.333	3.6	143209
Morelia_riversleighensis	extinct	27.82	23.03	143470
Alsophis_cantherigerus	extant	0.0117	0	144130
Alsophis_cantherigerus	extant	0.0117	0	144132
Tropidophis_caymanensis	extant	0.0117	0	144132
Alsophis_cantherigerus	extant	0.0117	0	144133
Tretanorhinus_variabilis	extant	0.0117	0	144133
Alsophis_cantherigerus	extant	0.0117	0	144134
Paleoheterodon_arcuatus	extinct	7.246	5.333	144566
Cubophis_vudii	extant	0.129	0	144649
Chilabothrus_exsul	extant	0.129	0.0117	144663
Cubophis_vudii	extant	0.129	0.0117	144663
Kelyophis_hechti	extinct	72.1	66	144728
Boa_constrictor	extant	3.6	0.774	147081
Naja_antiqua	extinct	11.63	8.7	149240
Morelia_riversleighensis	extinct	15.98	11.63	151091
Dunnophis_cadurcensis	extinct	47.8	41.2	151252
Dunnophis_matronensis	extinct	47.8	41.2	151252
Szyndlaria_aureomontensis	extinct	47.8	41.2	151252
Indophis_fanambinana	extinct	72.1	66	154152
Morelia_riversleighensis	extinct	15.98	11.63	154234
Incongruelaps_iteratus	extinct	15.98	11.63	154245
Morelia_spilota	extant	15.98	11.63	154250
Liasis_dubudingala	extinct	5.333	3.6	154606
Liasis_dubudingala	extinct	5.333	3.6	154607
Crotalus_adamanteus	extant	0.129	0.0117	154722
Crotalus_adamanteus	extant	0.129	0.0117	154771
Crotalus_adamanteus	extant	0.129	0.0117	154804
Nerodia_taxispilota	extant	0.129	0.0117	154910
Agkistrodon_piscivorous	extant	0.129	0.0117	154921
Crotalus_adamanteus	extant	0.129	0.0117	154921
Farancia_abacura	extant	0.129	0.0117	154921
Lampropeltis_getula	extant	0.129	0.0117	154921
Nerodia_sipedon	extant	0.129	0.0117	154921
Agkistrodon_piscivorous	extant	0.129	0.0117	154922
Drymarchon_corais	extant	0.129	0.0117	154922
Lampropeltis_getula	extant	0.129	0.0117	154922
Nerodia_sipedon	extant	0.129	0.0117	154922
Pantherophis_guttatus	extant	0.129	0.0117	154922
Thamnophis_sirtalis	extant	0.129	0.0117	154922
Coluber_constrictor	extant	0.129	0.0117	154936
Crotalus_adamanteus	extant	0.129	0.0117	154936
Heterodon_platyrhinos	extant	0.129	0.0117	154936
Pantherophis_guttatus	extant	0.129	0.0117	154936
Carphophis_amoenus	extant	0.129	0.0117	155346
Pantherophis_guttatus	extant	0.129	0.0117	155346
Drymarchon_corais	extant	0.129	0.0117	155347
Pantherophis_guttatus	extant	0.129	0.0117	155347
Crotalus_adamanteus	extant	0.129	0.0117	155348
Crotalus_viridis	extant	0.129	0.0117	155393
Palaeophis_casei	extinct	56	33.9	161750
Palaeophis_casei	extinct	59.2	47.8	161862
Palaeophis_littoralis	extinct	59.2	47.8	161862
Palaeophis_virginianus	extinct	59.2	47.8	161862
Pterosphenus_schucherti	extinct	37.71	33.9	162733
Calamagras_angulatus	extinct	33.9	31.8	163487
Rukwanyoka_holmani	extinct	27.82	23.03	167432
Natrix_sansaniensis	extinct	13.82	11.1	167497
Natrix_sansaniensis	extinct	13.82	11.1	167509
Natrix_sansaniensis	extinct	13.82	11.1	167512
Texasophis_meini	extinct	13.82	11.1	167512
Coluber_cadurci	extinct	33.9	27.82	167513
Eoanilius_oligocenicus	extinct	33.9	27.82	167513
Eoanilius_oligocenicus	extinct	33.9	27.82	167533
Coluber_cadurci	extinct	33.9	27.82	167534
Coluber_cadurci	extinct	33.9	27.82	167537
Eoanilius_oligocenicus	extinct	33.9	27.82	167537
Elaphe_kormosi	extinct	7.75	7.246	167676
Zamenis_praelonguissimus	extinct	7.75	7.246	167676
Coluber_caspius	extant	3.2	2.58	167680
Elaphe_quatuorlineata	extant	3.2	2.58	167680
Hierophis_viridiflavus	extant	3.2	2.58	167680
Natrix_natrix	extant	3.2	2.58	167680
Coronella_girondica	extant	3.2	2.58	167736
Malpolon_monspessulanus	extant	3.2	2.58	167736
Natrix_maura	extant	3.2	2.58	167736
Natrix_natrix	extant	3.2	2.58	167736
Zamenis_scalaris	extant	3.2	2.58	167736
Woutersophis_novus	extinct	47.8	41.2	167763
Woutersophis_novus	extinct	47.8	41.2	167775
Woutersophis_novus	extinct	47.8	41.2	167776
Woutersophis_novus	extinct	47.8	41.2	167778
Vipera_meotica	extinct	7.246	4.9	167998
Albaneryx_volynicus	extinct	11.1	9.7	168187
Coluber_pouchetii	extinct	11.1	9.7	168189
Coluber_pouchetii	extinct	11.1	9.7	168191
Ditypophis_vivax	extant	0.0117	0	169046
Xerotyphlops_socotranus	extant	0.0117	0	169046
Palaeophis_colossaeus	extinct	56	47.8	175262
Pterosphenus_schucherti_	extinct	41.2	37.71	175734
Hierophis_viridiflavus	extant	0.774	0.129	175900
Chubutophis_grandis	extinct	56	47.9	176491
Lunaophis_aquaticus	extinct	100.5	93.9	176561
Coluber_cadurci	extinct	33.9	27.82	179141
Coluber_cadurci	extinct	33.9	27.82	179142
Coluber_cadurci	extinct	33.9	27.82	179147
Natrix_mlynarskii	extinct	37.71	15.98	179194
Palaeopython_cadurcensis	extinct	37.71	15.98	179194
Palaeopython_neglectus	extinct	37.71	15.98	179194
Phosphoroboa_filholi	extinct	37.71	15.98	179194
Plesiotortrix_edwardsi	extinct	37.71	15.98	179194
Coprophis_dakotaensis	extinct	33.9	31.8	179814
Calamagras_murivorus	extinct	33.9	31.8	179967
Cheilophis_huerfanoensis	extinct	33.9	31.8	179967
Ogmophis_compactus	extinct	33.9	31.8	179967
Cheilophis_huerfanoensis	extinct	50.5	46.2	180105
Boavus_occidentalis	extinct	50.5	46.2	180198
Boavus_occidentalis	extinct	50.5	46.2	180199
Boavus_occidentalis	extinct	50.5	46.2	180200
Boavus_idelmani	extinct	50.5	46.2	180201
Ogmophis_oregonensis	extinct	29.5	18.5	180202
Ogmophis_compactus	extinct	37	33.9	180203
Coluber_constrictor	extant	0.21	0.014	180339
Crotalus_adamanteus	extant	0.21	0.014	180339
Drymarchon_corais	extant	0.21	0.014	180339
Crotalus_adamanteus	extant	2.58	0	180345
Helagras_prisciformis	extinct	63.8	60.9	180346
Palaeophis_vastaniensis	extinct	56	47.8	180565
Platyspondylophis_tadkeshwarensis	extinct	56	47.8	180565
Procerophis_sahnii	extinct	56	47.8	180565
Palaeophis_vastaniensis	extinct	56	47.8	180566
Natrix_mlynarskii	extinct	33.9	27.82	181092
Paleryx_rhombifer	extinct	37.71	33.9	181272
Morelia_riversleighensis	extinct	23.03	15.98	183096
Palaeopython_cadurcensis	extinct	41.2	37.71	183350
Coluber_cadurci	extinct	33.9	27.82	183381
Eoanilius_oligocenicus	extinct	33.9	27.82	183381
Coronella_austriaca	extant	0.129	0.0117	184245
Malpolon_monspessulanus	extant	0.129	0.0117	184245
Natrix_natrix	extant	0.129	0.0117	184245
Python_sebae	extant	2.58	0	185616
Colombophis_portai	extinct	13.7	10.9	186058
Eunectes_stirtoni	extinct	13.7	10.9	186058
Archaeophis_turkmenicus	extinct	56	47.8	186444
Colombophis_portai	extinct	13.7	10.9	186607
Colombophis_portai	extinct	13.7	10.9	186662
Colombophis_portai	extinct	13.7	10.9	186667
Colombophis_portai	extinct	13.7	10.9	186668
Colombophis_portai	extinct	13.7	10.9	186669
Colombophis_portai	extinct	13.7	10.9	186674
Colombophis_portai	extinct	13.7	10.9	186860
Calamagras_primus	extinct	54.9	50.5	186898
Cheilophis_huerfanoensis	extinct	54.9	50.5	186898
Sanjuanophis_froehlichorum	extinct	54.9	50.5	186898
Sanjuanophis_froehlichorum	extinct	54.9	50.5	186906
Colombophis_portai	extinct	13.7	10.9	188246
Colombophis_portai	extinct	13.7	10.9	188248
Ameiseophis_robinsoni	extinct	12.5	9.4	188779
Paleoheterodon_tiheni	extinct	12.5	9.4	188779
Salvadora_paleolineata	extinct	12.5	9.4	188779
Bavarioboa_hermi	extinct	20	15.98	190142
Naja_romani	extinct	11.63	8.7	191070
Coronella_girondica	extant	0.129	0.0117	191758
Coronella_austriaca	extant	0.129	0.0117	191943
Vipera_berus	extant	0.129	0.0117	191943
Natrix_natrix	extant	2.58	0.774	192405
Python_sebae	extant	2.58	0.774	193126
Natrix_natrix	extant	0.0117	0	193569
Amananulam_sanogoi	extinct	61.6	56	193687
Nidophis_insularis	extinct	72.1	66	193944
Xiaophis_myanmarensis	extinct	100.5	93.9	194175
Cubophis_vudii	extant	0.0117	0	194591
Cubophis_vudii	extant	0.0117	0	194593
Cubophis_vudii	extant	0.0117	0	194594
Cubophis_vudii	extant	0.0117	0	194597
Xenopeltis_unicolor	extant	0.129	0.0117	194833
Naja_naja	extant	0.129	0.0117	194835
Wonambi_naracoortensis	extinct	0.774	0.0117	194845
Zamenis_longissimus	extant	0.774	0.129	195118
Natrix_maura	extant	0.774	0.129	195119
Natrix_natrix	extant	0.774	0.129	195119
Vipera_berus	extant	0.774	0.129	195119
Zamenis_longissimus	extant	0.774	0.129	195119
Boa_blanchardensis	extinct	0.129	0.0117	195154
Boa_blanchardensis	extinct	0.129	0.0117	195155
Boa_blanchardensis	extinct	0.129	0.0117	195156
Natrix_natrix	extant	0.774	0.129	195198
Coronella_austriaca	extant	0.774	0.129	195199
Natrix_natrix	extant	0.774	0.129	195199
Vipera_berus	extant	0.774	0.129	195199
Natrix_natrix	extant	0.129	0.0117	195203
Natrix_natrix	extant	0.129	0.0117	195206
Natrix_natrix	extant	0.129	0.0117	195208
Natrix_natrix	extant	2.58	0	195218
Natrix_natrix	extant	0.774	0.129	195222
Coronella_austriaca	extant	0.774	0.129	195223
Hierophis_viridiflavus	extant	0.774	0.129	195223
Natrix_natrix	extant	0.774	0.129	195223
Zamenis_longissimus	extant	0.774	0.129	195223
Coronella_austriaca	extant	2.58	0	195226
Natrix_natrix	extant	2.58	0	195226
Vipera_berus	extant	2.58	0	195226
Zamenis_longissimus	extant	2.58	0	195226
Zamenis_longissimus	extant	0.129	0.0117	195229
Hierophis_viridiflavus	extant	0.774	0.129	195235
Coronella_austriaca	extant	0.774	0.129	195237
Malpolon_monspessulanus	extant	0.774	0.129	195237
Zamenis_longissimus	extant	0.774	0.129	195237
Natrix_maura	extant	0.774	0.129	195241
Malpolon_monspessulanus	extant	0.129	0.0117	195242
Malpolon_monspessulanus	extant	2.58	0	195260
Zamenis_scalaris	extant	0.774	0.129	195267
Coronella_girondica	extant	0.774	0.129	195564
Malpolon_monspessulanus	extant	0.774	0.129	195564
Eoconstrictor_fischeri	extinct	37.71	33.9	195854
Palaeopython_helveticus	extinct	37.71	33.9	195854
Eoconstrictor_fischeri	extinct	37.71	33.9	195855
Palaeopython_helveticus	extinct	37.71	33.9	195855
Lapparentophis_ragei	extinct	100.5	93.9	196796
Natrix_maura	extant	0.774	0.129	196971
Naja_romani	extinct	7.246	5.333	199746
Coronella_miocaenica	extinct	11.63	7.246	199755
Zamenis_scalaris	extant	0.129	0.0117	199861
Natrix_natrix	extant	0.774	0.129	200080
Coronella_austriaca	extant	0.774	0.129	200081
Zamenis_longissimus	extant	0.774	0.129	200081
Natrix_natrix	extant	0.774	0.129	200082
Vipera_berus	extant	0.774	0.129	200082
Palaeopython_helveticus	extinct	37.71	33.9	201873
Pterosphenus_schucherti_	extinct	47.8	41.2	203528
Coronella_girondica	extant	0.774	0.129	205233
Natrix_maura	extant	0.774	0.129	205233
Coronella_girondica	extant	0.774	0.129	205284
Natrix_maura	extant	0.774	0.129	205284
Natrix_natrix	extant	0.774	0.129	205284
Rhabdophis_tigrinus	extant	2.58	0	206107
Rhabdophis_tigrinus	extant	2.58	0	206121
Coronella_girondica	extant	2.58	0	206172
Natrix_natrix	extant	2.58	0	206172
Vipera_berus	extant	2.58	0	206229
Hierophis_viridiflavus	extant	3.2	2.58	206339
Python_euboicus	extinct	23.03	15.98	206392
Hierophis_viridiflavus	extant	3.2	2.58	206582
Hierophis_viridiflavus	extant	3.2	2.58	206583
Hierophis_viridiflavus	extant	2.58	0	206584
Hierophis_viridiflavus	extant	2.58	0	206585
Hierophis_viridiflavus	extant	2.58	0	206586
Vipera_aspis	extant	3.1	2.58	206747
Pterosphenus_schucherti	extinct	37.71	33.9	206946
Rionegrophis_madtsoioides	extinct	72.1	66	206967
Palaeophis_africanus	extinct	47.8	41.2	209410
Tropidophis_caymanensis	extant	0.129	0.0117	209851
Typhlops_epactius	extant	0.129	0.0117	209851
Sinomicrurus_japonicus	extant	2.58	0.774	210495
Alsophis_cantherigerus	extant	0.0117	0	210532
Alsophis_cantherigerus	extant	0.0117	0	210533
Alsophis_cantherigerus	extant	0.0117	0	210542
Typhlops_caymanensis	extant	0.0117	0	210542
Boa_constrictor	extant	0.129	0.0117	211821
Natrix_natrix	extant	0.129	0.0117	215362
Natrix_natrix	extant	0.0117	0	215365
Natrix_natrix	extant	0.0117	0	215376
Natrix_natrix	extant	0.0117	0	215378
Borealilysia_gunnelli	extinct	50.5	46.2	216020
Natrix_maura	extant	0.129	0.0117	219152
Vipera_latastei	extant	0.129	0.0117	219152
Simoliophis_rochebrunei	extinct	100.5	93.9	224153
Rageryx_schmidi	extinct	56	41.2	224319
Malpolon_monspessulanus	extant	3.6	2.58	224542
Natrix_maura	extant	3.6	2.58	224542
Vipera_berus	extant	3.6	2.58	224542
Indophis_sahnii	extinct	72.1	66	224687
Charina_bottae	extant	0.21	0.014	225558
Charina_bottae	extant	0.129	0.0117	225559
Najash_rionegrina	extinct	100.5	93.9	225915
Powellophis_andina	extinct	61.6	56	228014
Bavarioboa_hermi	extinct	20	15.98	228327
Naja_romani	extinct	20	15.98	228327
Natrix_longivertebrata	extinct	20	15.98	228327
Naja_romani	extinct	8.7	5.333	230516
Rhabdophis_tigrinus	extant	5.333	3.6	230663
Coronella_austriaca	extant	2.58	0.774	230700
Natrix_natrix	extant	2.58	0.774	230700
Vipera_latastei	extant	0.0117	0	230766
Geringophis_vetus	extinct	33.9	31.8	232908
Boavus_occidentalis	extinct	33.9	31.8	232911
Calamagras_angulatus	extinct	33.9	31.8	232911
Hibernophis_breithaupti	extinct	33.9	31.8	232918
Ditypophis_vivax	extant	0.0117	0	234349
Xerotyphlops_socotranus	extant	0.0117	0	234349
Palaeophis_africanus	extinct	47.8	41.2	235060
Morelia_spilota	extant	0.0117	0	235090
Vasuki_indicus	extinct	47.8	41.2	235707
Coluber_hungaricus	extinct	20	16.9	11111
Falseryx_petersbuchi	extinct	20	16.9	11111
Micrurus_gallicus	extinct	20	16.9	11111
Platyspondylia_lepta	extinct	27.82	23.03	11111
Pterosphenus_schucherti	extinct	41.2	37.71	111110
Pterosphenus_muruntau	extinct	41.2	37.71	111111
Seismophis_septentrionalis	extinct	121.4	100.5	111112
Heterodon_meadi	extinct	10.3	4.9	111113
Crotalus_adamanteus	extant	0.774	0.017	111114
Drymarchon_corais	extant	0.774	0.017	111114
Farancia_abacura	extant	0.774	0.017	111114
Regina_alleni	extant	0.774	0.017	111114
Laophis_crotaloides	extinct	4.2	3.2	111115
Gaimanophis_powelli	extinct	23.04	15.98	111116
Eoconstrictor_barnesi	extinct	48.7	41.03	111117
Bitis_arietans	extant	0.13	0.08	111118
Coronella_girondica	extant	0.129	0.0082	111119
Najash_rionegrina	extinct	94	92	11112
Agkistrodon_piscivorous	extant	0.129	0.0082	111120
Thaumastophis_missiaeni	extinct	56	47.8	11113
Texasophis_bohemiacus	extinct	12.9	11.3	11114
Natrix_natrix	extant	0.037	0.0306	11115
Vipera_berus	extant	0.037	0.0306	11115
Paleoheterodon_arcuatus	extinct	11.63	5.333	11116
Platyceps_planicarinatus	extinct	11.63	5.333	11116
Lampropeltis_similis	extinct	12.5	12	11118
Neonatrix_elongata	extinct	12.5	12	11118
Neonatrix_magna	extinct	12.5	12	11118
Colombophis_portai	extinct	13.8	11.8	11119
Colombophis_spinosus	extinct	13.8	11.8	11119
Tropidophis_melanurus	extant	0.02474	0.02005	11119
Najash_rionegrina	extinct	100.5	93.9	11125
Dinilysia_patagonica	extinct	85.9	83.4	11126
Bransateryx_vireti	extinct	33.9	27.82	177977
Eoanilius_oligocenicus	extinct	33.9	27.82	177977
