species,age_min,age_max,Rotated latitude
Nidophis insularis,66,72.1,-
Colombophis portai,7.246,11.63,-10.32
Colombophis spinosus,7.246,11.63,-10.32
Rukwanyoka holmani,23.03,27.82,-11.34
Palaeophis africanus,41.2,47.8,-11.42
Pterosphenus schucherti ,41.2,47.8,-11.42
Palaeophis africanus,41.2,47.8,-11.50
Natrix natrix,0.0117,0.129,-13.81
Zamenis longissimus,0.129,0.774,-18.77
Crotalus adamanteus,0.0117,0.129,-19.71
Kataria anisodonta,61.6,66,-20.91
Indophis sahnii,66,72.1,-21.31
Liasis dubudingala,3.6,5.333,-22.51
Liasis dubudingala,3.6,5.333,-22.51
Liasis dubudingala,3.6,5.333,-22.51
Liasis dubudingala,3.6,5.333,-22.51
Sanajeh indicus,66,72.1,-22.79
Boipeba tayasuensis,66,83.6,-24.19
Corallus priscus,47.8,59.2,-25.02
Hechtophis austrinus,47.8,59.2,-25.02
Itaboraiophis depressus,47.8,59.2,-25.02
Madtsoia camposi,47.8,59.2,-25.02
Paraungaliophis pricei,47.8,59.2,-25.02
Paraungaliophis pricei,47.8,59.2,-25.02
Paulacoutophis perplexus,47.8,59.2,-25.02
Waincophis cameratus,47.8,59.2,-25.02
Waincophis cameratus,47.8,59.2,-25.02
Waincophis pressulus,47.8,59.2,-25.02
Waincophis pressulus,47.8,59.2,-25.02
Incongruelaps iteratus,7.246,11.63,-25.40
Powellophis andina,56,61.6,-25.99
Morelia riversleighensis,11.63,15.98,-26.04
Morelia riversleighensis,11.63,15.98,-26.04
Yurlunggur camfieldensis,11.63,15.98,-26.04
Indophis sahnii,66,72.1,-26.71
Madtsoia pisdurensis,66,72.1,-27.62
Madtsoia pisdurensis,66,72.1,-27.62
Incongruelaps iteratus,11.63,15.98,-27.96
Morelia riversleighensis,11.63,15.98,-27.96
Morelia riversleighensis,11.63,15.98,-27.96
Morelia riversleighensis,11.63,15.98,-27.96
Morelia riversleighensis,11.63,15.98,-27.96
Morelia riversleighensis,11.63,15.98,-27.96
Morelia riversleighensis,11.63,15.98,-27.96
Morelia spilota,11.63,15.98,-27.96
Amaru scagliai,47.8,56,-28.37
Boa constrictor,0.0117,0.3,-28.60
Python sebae,11.63,15.98,-28.83
Indophis sahnii,66,72.1,-28.96
Indophis sahnii,66,72.1,-28.96
Morelia riversleighensis,15.98,20.44,-29.76
Madtsoia madagascariensis,66,72.1,-29.82
Nanowana godthelpi,15.98,20.44,-29.82
Nanowana schrenki,15.98,20.44,-29.82
Wonambi barriei,15.98,20.44,-29.82
Wonambi barriei,15.98,20.44,-29.82
Madtsoia madagascariensis,66,72.1,-29.88
Nanowana godthelpi,15.98,23.03,-29.96
Adinophis fisaka,66,72.1,-29.99
Adinophis fisaka,66,72.1,-29.99
Kelyophis hechti,66,72.1,-29.99
Madtsoia madagascariensis,66,72.1,-29.99
Madtsoia madagascariensis,66,72.1,-29.99
Madtsoia madagascariensis,66,72.1,-29.99
Madtsoia madagascariensis,66,72.1,-29.99
Madtsoia madagascariensis,66,72.1,-29.99
Madtsoia madagascariensis,66,72.1,-29.99
Menarana nosymena,66,72.1,-29.99
Menarana nosymena,66,72.1,-29.99
Menarana nosymena,66,72.1,-29.99
Bitis olduvaiensis,0.774,1.8,-3.04
Bitis arietans,2.58,5.333,-3.33
Python sebae,2.58,5.333,-3.33
Bitis arietans,2.58,3.6,-3.40
Kelyophis hechti,66,72.1,-30.00
Madtsoia madagascariensis,66,72.1,-30.00
Madtsoia madagascariensis,66,72.1,-30.00
Madtsoia madagascariensis,66,72.1,-30.00
Madtsoia madagascariensis,66,72.1,-30.00
Madtsoia madagascariensis,66,72.1,-30.00
Menarana nosymena,66,72.1,-30.00
Madtsoia madagascariensis,66,72.1,-30.08
Indophis fanambinana,66,72.1,-30.20
Kelyophis hechti,66,72.1,-30.22
Morelia riversleighensis,15.98,23.03,-30.69
Nanowana godthelpi,15.98,23.03,-30.69
Nanowana schrenki,15.98,23.03,-30.69
Wonambi barriei,15.98,23.03,-30.69
Morelia riversleighensis,15.98,23.03,-30.76
Nanowana godthelpi,15.98,23.03,-30.76
Nanowana schrenki,15.98,23.03,-30.76
Wonambi naracoortensis,0.000,2.58,-33.27
Wonambi naracoortensis,0.000,2.58,-33.31
Morelia riversleighensis,23.03,27.82,-33.98
Wonambi naracoortensis,0.000,2.58,-35.41
Austrelaps superbus,0.0117,0.129,-37.01
Pseudechis porphyriacus,0.000,0.129,-37.01
Pseudonaja nuchalis,0.000,0.129,-37.01
Wonambi naracoortensis,0.000,0.129,-37.01
Pseudechis porphyriacus,0.129,0.774,-37.04
Pseudonaja nuchalis,0.129,0.774,-37.04
Wonambi naracoortensis,0.129,0.774,-37.04
Wonambi naracoortensis,0.0117,0.774,-37.04
Wonambi naracoortensis,0.000,2.58,-37.67
Wonambi naracoortensis,0.000,2.58,-37.67
Wonambi naracoortensis,0.000,2.58,-37.70
Pseudechis porphyriacus,0.000,2.58,-37.79
Pseudonaja nuchalis,0.000,2.58,-37.79
Morelia riversleighensis,15.98,23.03,-38.14
Palaeophis vastaniensis,47.8,56,-4.05
Procerophis sahnii,47.8,56,-4.05
Russellophis crassus,47.8,56,-4.05
Palaeophis vastaniensis,47.8,56,-4.09
Palaeophis vastaniensis,47.8,56,-4.09
Platyspondylophis tadkeshwarensis,47.8,56,-4.09
Procerophis sahnii,47.8,56,-4.09
Pterosphenus sheppardi,33.9,37.71,-4.89
Wonambi naracoortensis,3.6,11.63,-40.37
Waincophis australis,13.7,15.4,-40.97
Alamitophis elongatus,66,83.6,-41.03
Australophis anilioides,66,83.6,-41.03
Alamitophis argentinus,66,83.6,-41.30
Australophis anilioides,66,83.6,-41.30
Patagoniophis parvus,66,83.6,-41.30
Alamitophis argentinus,66,83.6,-43.40
Patagoniophis parvus,66,83.6,-43.40
Rionegrophis madtsoioides,66,83.6,-43.40
Dinilysia patagonica,83.6,86.3,-43.58
Dinilysia patagonica,83.6,86.3,-43.58
Dinilysia patagonica,83.6,86.3,-43.58
Dinilysia patagonica,83.6,86.3,-43.62
Gaimanophis tenuis,17.4,20.9,-43.89
Alamitophis argentinus,66,72.1,-45.16
Eomadtsoia ragei,66,72.1,-45.16
Eomadtsoia ragei,66,72.1,-45.16
Eomadtsoia ragei,66,72.1,-45.33
Madtsoia bai,33.9,56,-45.67
Hierophis viridiflavus,0.129,0.774,-45.78
Najash rionegrina,93.9,100.5,-46.75
Najash rionegrina,93.9,100.5,-46.75
Najash rionegrina,93.9,100.5,-46.75
Alamitophis tingamarra,47.8,56,-47.05
Patagoniophis australiensis,47.8,56,-47.05
Waincophis australis,47.9,56,-47.89
Madtsoia bai,37.71,47.8,-47.93
Chubutophis grandis,47.9,56,-48.26
Coronella girondica,0.129,0.774,-5.22
Tropidophis caymanensis,0.0117,0.129,-5.30
Rionegrophis madtsoioides,66,72.1,-51.07
Colombophis spinosus,7.246,11.63,-9.01
Seismophis septentrionalis,93.9,100.5,-9.43
Seismophis septentrionalis,93.9,100.5,-9.43
Palaeophis africanus,41.2,47.8,1.15
Lunaophis aquaticus,93.9,100.5,1.38
Madtsoia madagascariensis,83.6,89.8,1.71
Pterosphenus kutchensis,37.71,41.2,10.31
Pterosphenus kutchensis,37.71,41.2,10.31
Pterosphenus schucherti,37.71,41.2,10.31
Pterosphenus schucherti,37.71,41.2,10.31
Colombophis spinosus,11.63,15.98,10.64
Haasiophis terrasanctus,93.9,100.5,10.73
Pachyrhachis problematicus,93.9,100.5,10.73
Pachyrhachis problematicus,93.9,100.5,10.73
Palaeophis colossaeus,47.8,56,10.95
Palaeophis colossaeus,47.8,56,10.95
Palaeophis colossaeus,47.8,56,10.95
Anilius scytale,2.58,3.6,11.27
Ditypophis vivax,0.000,0.0117,12.57
Ditypophis vivax,0.000,0.0117,12.58
Eupodophis descouensi,93.9,100.5,12.74
Eupodophis descouensi,93.9,100.5,12.83
Lapparentophis defrennei,93.9,145,13.77
Python sebae,0.774,2.58,14.57
Natrix natrix,0.000,0.0117,14.67
Python sebae,0.000,2.58,14.75
Boa blanchardensis,0.0117,0.129,15.87
Natrix natrix,0.129,0.774,15.87
Boa blanchardensis,0.0117,0.129,15.88
Python sebae,5.333,7.246,16.04
Python sebae,3.6,11.63,16.05
Python sebae,0.000,0.0117,16.96
Python sebae,0.000,0.0117,16.96
Boa constrictor,0.000,0.0117,17.01
Xerotyphlops socotranus,0.000,0.0117,17.59
Norisophis begaa,93.9,100.5,17.85
Lapparentophis ragei,93.9,100.5,17.89
Simoliophis libycus,93.9,100.5,19.27
Alsophis cantherigerus,0.000,0.0117,19.29
Alsophis cantherigerus,0.000,0.0117,19.29
Tropidophis caymanensis,0.000,0.0117,19.29
Alsophis cantherigerus,0.000,0.0117,19.31
Alsophis cantherigerus,0.000,0.0117,19.31
Tretanorhinus variabilis,0.000,0.0117,19.31
Alsophis cantherigerus,0.000,0.0117,19.33
Alsophis cantherigerus,0.000,0.0117,19.33
Boa constrictor,0.0117,0.129,19.33
Typhlops caymanensis,0.000,0.0117,19.33
Alsophis cantherigerus,0.000,0.0117,19.35
Sinomicrurus japonicus,0.774,2.58,19.75
Typhlops epactius,0.0117,0.129,19.75
Lampropeltis intermedius,1.4,4.7,19.82
Colombophis portai,10.9,13.7,2.62
Colombophis portai,10.9,13.7,2.64
Colombophis portai,10.9,13.7,2.64
Colombophis portai,10.9,13.7,2.64
Colombophis portai,10.9,13.7,2.65
Colombophis portai,10.9,13.7,2.65
Eunectes stirtoni,10.9,13.7,2.65
Colombophis portai,10.9,13.7,2.67
Colombophis portai,10.9,13.7,2.70
Colombophis portai,10.9,13.7,2.72
Colombophis portai,10.9,13.7,2.72
Colombophis portai,9.9,13.7,2.74
Charina bottae,0.014,0.21,20.01
Gigantophis garstini,33.9,41.2,21.01
Pterosphenus schucherti ,33.9,41.2,21.01
Palaeophis africanus,41.2,47.8,21.92
Acrochordus dehmi,11.63,15.98,22.33
Acrochordus dehmi,11.63,15.98,22.33
Acrochordus dehmi,11.63,15.98,22.33
Pterosphenus schucherti ,37.71,41.2,22.43
Morelia spilota,0.000,0.0117,23.68
Afrotortrix draaensis,41.2,56,24.35
Mesophis nopcsai,93.9,100.5,24.58
Pachyophis woodwardi,93.9,100.5,24.58
Gigantophis garstini,33.9,37.71,24.86
Pterosphenus schucherti ,33.9,37.71,24.86
Gigantophis garstini,33.9,37.71,24.88
Pterosphenus schucherti ,33.9,37.71,24.88
Cubophis vudii,0.000,0.129,25.00
Cubophis vudii,0.000,0.0117,25.36
Cubophis vudii,0.000,0.0117,25.36
Cubophis vudii,0.000,0.0117,25.36
Xenopeltis unicolor,0.0117,0.129,25.36
Xerotyphlops socotranus,0.000,0.0117,25.44
Crotalus adamanteus,0.0117,0.129,25.70
Chilabothrus exsul,0.0117,0.129,26.21
,0.0117,0.129,26.21
Cubophis vudii,0.000,0.0117,26.35
Agkistrodon piscivorous,0.0117,0.129,26.70
Agkistrodon piscivorous,0.0117,0.129,26.70
Crotalus adamanteus,0.0117,0.129,26.70
Farancia abacura,0.0117,0.129,26.70
Lampropeltis getula,0.0117,0.129,26.70
Nerodia sipedon,0.0117,0.129,26.70
Palaeophis maghrebianus,47.8,56,26.75
Palaeophis maghrebianus,47.8,56,27.02
Palaeophis maghrebianus,47.8,56,27.09
Nerodia taxispilota,0.0117,0.129,27.17
Crotalus adamanteus,0.0117,0.129,27.63
Drymarchon corais,0.0117,0.129,27.63
Farancia abacura,0.0117,0.129,27.63
Agkistrodon piscivorous,0.21,1.4,27.72
Agkistrodon piscivorous,0.21,1.4,27.72
Crotalus adamanteus,0.21,1.4,27.72
Lampropeltis getula,0.21,1.4,27.72
Nerodia fasciata,0.21,1.4,27.72
Pantherophis obsoletus,0.21,1.4,27.72
Regina alleni,0.21,1.4,27.72
Crotalus adamanteus,0.0117,0.129,27.79
Drymarchon corais,0.014,0.21,27.79
Nerodia taxispilota,1.4,4.7,27.85
Crotalus adamanteus,0.014,0.21,28.07
Drymarchon corais,0.014,0.21,28.07
Crotalus adamanteus,0.0117,0.129,28.08
Agkistrodon piscivorous,0.0117,0.129,28.79
Carphophis amoenus,0.0117,0.129,28.79
Coluber constrictor,0.0117,0.129,28.79
Crotalus adamanteus,0.0117,0.129,28.79
Heterodon platyrhinos,0.0117,0.129,28.79
Nerodia sipedon,0.0117,0.129,28.79
Crotalus atrox,0.0117,0.129,29.00
Pituophis melanoleucus,0.0117,0.129,29.00
Carphophis amoenus,0.0117,0.129,29.04
Crotalus adamanteus,0.0117,0.129,29.04
Crotalus adamanteus,0.0117,0.129,29.04
Heterodon platyrhinos,0.0117,0.129,29.04
Pantherophis guttatus,0.0117,0.129,29.04
Nerodia erythrogaster,1.8,2.58,29.05
Nerodia floridana,1.8,2.58,29.05
Regina intermedia,1.8,2.58,29.05
Carphophis amoenus,0.014,0.21,29.10
Coluber constrictor,0.014,0.21,29.10
Crotalus adamanteus,0.014,0.21,29.10
Diadophis punctatus,0.014,0.21,29.10
Drymarchon corais,0.014,0.21,29.10
Heterodon platyrhinos,0.014,0.21,29.10
Heterodon simus,0.014,0.21,29.10
Lampropeltis getula,0.014,0.21,29.10
Pantherophis guttatus,0.014,0.21,29.10
Pantherophis obsoletus,0.014,0.21,29.10
Pituophis melanoleucus,0.014,0.21,29.10
Thamnophis sirtalis,0.014,0.21,29.10
Crotalus adamanteus,0.000,2.58,29.16
Coluber constrictor,0.0117,0.129,29.40
Crotalus adamanteus,0.0117,0.129,29.40
Diadophis punctatus,0.0117,0.129,29.40
Heterodon platyrhinos,0.0117,0.129,29.40
Heterodon simus,0.0117,0.129,29.40
Pituophis melanoleucus,0.0117,0.129,29.40
Thamnophis sirtalis,0.0117,0.129,29.40
Crotalus adamanteus,0.129,0.774,29.41
Drymarchon corais,0.129,0.774,29.41
Lampropeltis getula,0.129,0.774,29.41
Pterosphenus schucherti,39.7,46.2,29.55
Pterosphenus schucherti,39.7,46.2,29.55
Nerodia floridana,0.0117,0.129,29.57
Carphophis amoenus,0.0117,0.129,29.60
Crotalus adamanteus,0.0117,0.129,29.60
Pantherophis guttatus,0.0117,0.129,29.60
Calamagras platyspondyla,29.5,31.8,29.64
Conantophis alachuaensis,29.5,31.8,29.64
Floridaophis auffenbergi,29.5,31.8,29.64
Geringophis robustus,29.5,31.8,29.64
Totlandophis americanus,29.5,31.8,29.64
Crotalus viridis,0.0117,0.129,29.67
Coluber constrictor,0.0117,0.129,29.68
Drymarchon corais,0.0117,0.129,29.68
Pantherophis guttatus,0.0117,0.129,29.68
Coluber constrictor,0.0117,0.129,29.69
Drymarchon corais,0.0117,0.129,29.69
Lampropeltis getula,0.0117,0.129,29.69
Nerodia sipedon,0.0117,0.129,29.69
Pantherophis guttatus,0.0117,0.129,29.69
Thamnophis sirtalis,0.0117,0.129,29.69
Pterosphenus schucherti,33.9,37.71,29.77
Acrochordus dehmi,5.333,11.63,29.80
Lampropeltis getula,9.4,12.5,29.80
Diadophis elinorae,4.7,12.5,30.00
Heterodon brevis,4.7,12.5,30.00
Lampropeltis vetustum,4.7,12.5,30.00
Anilioides minuatus,16.3,18.5,30.04
Boa constrictor,16.3,18.5,30.04
Boa constrictor,16.3,18.5,30.04
Calamagras floridanus,16.3,18.5,30.04
Ogmophis pauperrimus,16.3,18.5,30.04
Paraoxybelis floridanus,16.3,18.5,30.04
Pseudocemophora antiqua,16.3,18.5,30.04
Arizona elegans,0.0117,0.129,30.25
Heterodon nasicus,0.0117,0.129,30.25
Heterodon platyrhinos,0.0117,0.129,30.25
Lampropeltis getula,0.0117,0.129,30.25
Lampropeltis triangulum,0.0117,0.129,30.25
Pantherophis guttatus,0.0117,0.129,30.25
Pantherophis obsoletus,0.0117,0.129,30.25
Pituophis melanoleucus,0.0117,0.129,30.25
Crotalus atrox,0.21,1.4,30.34
Crotalus horridus,0.21,1.4,30.34
Lampropeltis getula,0.21,1.4,30.34
Lampropeltis triangulum,0.21,1.4,30.34
Nerodia fasciata,0.21,1.4,30.34
Pantherophis guttatus,0.21,1.4,30.34
Boavus occidentalis,12.5,16.3,30.99
Dakotaophis greeni,12.5,16.3,30.99
Neonatrix elongata,12.5,16.3,30.99
Neonatrix infera,12.5,16.3,30.99
Ogmophis miocompactus,12.5,16.3,30.99
Salvadora paleolineata,12.5,16.3,30.99
Texasophis fossilis,12.5,16.3,30.99
Calamagras weigeli,12.5,16.3,31.19
Neonatrix elongata,12.5,16.3,31.19
Pantherophis kansensis,12.5,16.3,31.19
Neonatrix elongata,12.5,16.3,31.28
Pantherophis kansensis,12.5,16.3,31.28
Salvadora paleolineata,12.5,16.3,31.28
Texasophis fossilis,12.5,16.3,31.28
Anilioides nebraskensis,20.44,23.03,31.59
Coluber constrictor,0.0117,0.129,31.98
Nerodia fasciata,0.0117,0.129,31.98
Thamnophis sirtalis,0.0117,0.129,31.98
Naja antiqua,11.63,15.98,32.11
Python maurus,11.63,15.98,32.11
Vipera maghrebiana,11.63,15.98,32.11
Crotalus atrox,0.0117,0.129,32.36
Crotalus atrox,0.0117,0.129,32.36
Palaeophis virginianus,41.2,47.8,32.38
Tallahattaophis dunni,41.2,47.8,32.38
Pterosphenus schucherti,33.9,37.71,32.41
Arizona elegans,0.000,0.129,32.54
Crotalus atrox,0.000,0.129,32.54
Lampropeltis getula,0.000,0.129,32.54
Pituophis melanoleucus,0.000,0.129,32.54
Pterosphenus schucherti,33.9,37.71,32.54
Rhabdophis tigrinus,3.6,5.333,32.64
Pterosphenus schucherti,33.9,37.71,32.66
Pterosphenus schucherti,33.9,37.71,32.67
Coluber constrictor,0.0117,0.129,32.71
Huberophis georgiensis,33.9,37.71,32.88
Ogmophis voorhiesi,33.9,37.71,32.88
Pterosphenus schucherti,33.9,37.71,32.88
Pterosphenus schucherti,33.9,37.71,32.88
Pterosphenus schucherti,33.9,37.71,32.89
Palaeophis africanus,33.9,37.71,33.07
Pterosphenus schucherti,33.9,37.71,33.07
Pterosphenus schucherti,33.9,37.71,33.07
Pterosphenus schucherti,37.71,41.2,33.19
Pterosphenus schucherti,33.9,37.71,33.19
Pterosphenus schucherti,33.9,37.71,33.22
Pterosphenus schucherti,37.71,41.2,33.32
Herensugea caristiorum,72.1,83.6,33.36
Menarana laurasiae,72.1,83.6,33.36
Menarana laurasiae,72.1,83.6,33.36
Menarana laurasiae,72.1,83.6,33.36
Palaeophis casei,33.9,56,33.72
Crotalus atrox,0.21,1.4,33.74
Crotalus viridis,0.129,0.774,33.74
Lampropeltis getula,0.21,1.4,33.74
Lampropeltis getula,0.129,0.774,33.74
Nerodia erythrogaster,0.21,1.4,33.74
Pituophis melanoleucus,0.129,0.774,33.74
Boavus occidentalis,37,39.7,33.76
Portugalophis lignites,149.2,154.8,34.02
Portugalophis lignites,149.2,154.8,34.02
Naja antiqua,8.7,11.63,34.03
Thamnophis sirtalis,0.21,1.4,34.04
Carphophis amoenus,0.0117,0.129,34.20
Crotalus horridus,0.0117,0.129,34.20
Diadophis punctatus,0.0117,0.129,34.20
Heterodon platyrhinos,0.0117,0.129,34.20
Lampropeltis getula,0.0117,0.129,34.20
Lampropeltis triangulum,0.0117,0.129,34.20
Nerodia sipedon,0.0117,0.129,34.20
Thamnophis sirtalis,0.0117,0.129,34.20
Coluber constrictor,0.0117,0.129,34.40
Palaeophis littoralis,47.8,56,34.48
Palaeophis virginianus,47.8,56,34.48
Boavus occidentalis,39.7,46.2,34.58
Boavus occidentalis,39.7,46.2,34.58
Palaeophis casei,50.5,54.9,34.71
Palaeophis littoralis,50.5,54.9,34.71
Palaeophis virginianus,50.5,54.9,34.71
Coluber constrictor,0.0117,0.129,34.72
Crotalus horridus,0.0117,0.129,34.72
Diadophis punctatus,0.0117,0.129,34.72
Lampropeltis getula,0.0117,0.129,34.72
Lampropeltis triangulum,0.0117,0.129,34.72
Pantherophis guttatus,0.0117,0.129,34.72
Pantherophis vulpinus,0.0117,0.129,34.72
Thamnophis sirtalis,0.0117,0.129,34.72
Simoliophis rochebrunei,93.9,100.5,34.75
Simoliophis rochebrunei,93.9,100.5,34.80
Simoliophis rochebrunei,93.9,100.5,34.81
Palaeophis casei,47.8,59.2,34.84
Palaeophis littoralis,47.8,59.2,34.84
Palaeophis virginianus,47.8,59.2,34.84
Simoliophis rochebrunei,93.9,100.5,34.84
Simoliophis rochebrunei,93.9,100.5,34.85
Lampropeltis getula,0.0117,0.129,34.88
Salvadora grahamiae,0.0117,0.129,34.88
Simoliophis rochebrunei,93.9,100.5,35.02
Simoliophis rochebrunei,93.9,100.5,35.06
Simoliophis rochebrunei,93.9,100.5,35.07
Simoliophis rochebrunei,93.9,100.5,35.08
Simoliophis rochebrunei,93.9,100.5,35.09
Simoliophis rochebrunei,93.9,100.5,35.10
Eryx linxiaensis,4.9,7.75,35.32
Hierophis viridiflavus,0.129,0.774,35.36
Pterosphenus schucherti,33.9,37.71,35.63
Dunnophis matronensis,47.8,56,35.64
Crotalus viridis,0.000,0.21,35.75
Natrix maura,0.129,0.774,35.80
Pterosphenus schucherti,33.9,37.71,35.85
Diablophis gilmorei,145,149.2,35.91
Diablophis gilmorei,146.3,149.2,36.01
Coluber constrictor,0.21,1.4,36.03
Coluber constrictor,0.21,1.4,36.03
Lampropeltis calligaster,0.21,1.4,36.03
Lampropeltis getula,0.21,1.4,36.03
Pantherophis guttatus,0.21,1.4,36.03
Pantherophis vulpinus,0.21,1.4,36.03
Pituophis melanoleucus,0.21,1.4,36.03
Thamnophis sirtalis,0.21,1.4,36.03
Archaeophis turkmenicus,47.8,56,36.15
Heterodon nasicus,4.7,9.4,36.17
Lampropeltis getula,4.7,9.4,36.17
Pituophis melanoleucus,4.7,9.4,36.17
Thamnophis sirtalis,0.000,0.129,36.18
Crotalus atrox,0.0117,0.129,36.21
Crotalus viridis,0.0117,0.129,36.21
Lampropeltis getula,0.0117,0.129,36.21
Charina prebottae,4.7,9.4,36.41
Miocoluber dalquesti,4.7,9.4,36.41
Paleoheterodon tiheni,4.7,9.4,36.41
Zilantophis schuberti,1.4,9.4,36.56
Crotalus horridus,0.0117,0.129,36.66
Nerodia sipedon,0.0117,0.129,36.66
Pantherophis vulpinus,0.0117,0.129,36.66
Malpolon monspessulanus,0.0117,0.129,36.67
Natrix natrix,0.0117,0.129,36.67
Coluber constrictor,0.21,1.4,36.74
Heterodon nasicus,0.21,1.4,36.84
Heterodon platyrhinos,0.21,1.4,36.84
Lampropeltis getula,0.21,1.4,36.84
Lampropeltis triangulum,0.21,1.4,36.84
Pantherophis vulpinus,0.21,1.4,36.84
Pituophis melanoleucus,0.21,1.4,36.84
Nerodia sipedon,0.0117,0.129,36.95
Pantherophis obsoletus,0.0117,0.129,36.95
Heterodon nasicus,0.21,1.4,37.08
Heterodon platyrhinos,0.21,1.4,37.08
Lampropeltis calligaster,0.21,1.4,37.08
Pantherophis obsoletus,0.21,1.4,37.08
Malpolon monspessulanus,0.129,0.774,37.10
Pantherophis obsoletus,0.0117,0.129,37.18
Coluber constrictor,0.0117,0.129,37.20
Heterodon nasicus,0.0117,0.129,37.20
Heterodon platyrhinos,0.0117,0.129,37.20
Lampropeltis calligaster,0.0117,0.129,37.20
Lampropeltis getula,0.0117,0.129,37.20
Pantherophis obsoletus,0.0117,0.129,37.20
Coluber constrictor,1.4,4.7,37.22
Pantherophis obsoletus,1.4,4.7,37.22
Coluber constrictor,4.7,9.4,37.24
Coluber constrictor,0.21,1.4,37.24
Coluber constrictor,0.21,1.4,37.24
Coluber constrictor,0.21,1.4,37.24
Crotalus viridis,4.7,9.4,37.24
Crotalus viridis,0.21,1.4,37.24
Diadophis punctatus,0.21,1.4,37.24
Heterodon platyrhinos,0.21,1.4,37.24
Heterodon plionasicus,4.7,9.4,37.24
Lampropeltis calligaster,0.21,1.4,37.24
Lampropeltis getula,0.21,1.4,37.24
Lampropeltis getula,0.21,1.4,37.24
Nerodia sipedon,0.21,1.4,37.24
Nerodia sipedon,0.21,1.4,37.24
Pantherophis buisi,4.7,9.4,37.24
Pantherophis obsoletus,4.7,9.4,37.24
Pantherophis vulpinus,0.21,1.4,37.24
Pituophis melanoleucus,0.21,1.4,37.24
Pituophis melanoleucus,0.21,1.4,37.24
Coluber constrictor,1.4,4.7,37.25
Crotalus viridis,1.4,4.7,37.25
Heterodon plionasicus,1.4,4.7,37.25
Lampropeltis getula,1.4,4.7,37.25
Pantherophis obsoletus,1.4,4.7,37.25
Anomalophis bolcensis,47.8,56,37.29
Archaeophis proavus,47.8,56,37.29
Coluber constrictor,1.8,2.58,37.32
Coluber constrictor,1.4,4.7,37.32
Coluber constrictor,1.4,4.7,37.32
Coluber constrictor,1.4,4.7,37.32
Crotalus viridis,1.8,2.58,37.32
Crotalus viridis,1.4,4.7,37.32
Crotalus viridis,1.4,4.7,37.32
Heterodon nasicus,1.8,2.58,37.32
Heterodon platyrhinos,1.4,4.7,37.32
Heterodon platyrhinos,1.4,4.7,37.32
Heterodon plionasicus,1.4,4.7,37.32
Heterodon plionasicus,1.4,4.7,37.32
Lampropeltis getula,1.8,2.58,37.32
Lampropeltis getula,1.4,4.7,37.32
Lampropeltis getula,1.4,4.7,37.32
Sistrurus catenatus,1.8,2.58,37.32
Sistrurus catenatus,1.4,4.7,37.32
Sistrurus catenatus,1.4,4.7,37.32
Pantherophis obsoletus,1.8,2.58,37.32
Pantherophis obsoletus,1.4,4.7,37.32
Pantherophis obsoletus,1.4,4.7,37.32
Pantherophis obsoletus,1.4,4.7,37.32
Crotalus horridus,0.000,0.129,37.33
Crotalus viridis,0.129,0.774,37.36
Heterodon nasicus,0.129,0.774,37.36
Heterodon nasicus,0.129,0.774,37.36
Heterodon nasicus,0.129,0.774,37.36
Heterodon nasicus,0.129,0.774,37.36
Pituophis melanoleucus,0.129,0.774,37.36
Pituophis melanoleucus,0.129,0.774,37.36
Thamnophis sirtalis,0.129,0.774,37.36
Thamnophis sirtalis,0.129,0.774,37.36
Thamnophis sirtalis,0.129,0.774,37.36
Thamnophis sirtalis,0.129,0.774,37.36
Coronella austriaca,0.129,0.774,37.38
Natrix natrix,0.129,0.774,37.38
Vipera berus,0.129,0.774,37.38
Zamenis longissimus,0.129,0.774,37.38
Zamenis scalaris,1.8,2.58,37.46
Python euboicus,15.98,23.03,37.52
Natrix maura,0.774,2.58,37.76
Elaphe quatuorlineata,2.58,3.1,37.86
Zamenis longissimus,2.58,3.1,37.86
Vipera ammodytes,0.774,2.58,37.90
Zamenis longissimus,0.774,2.58,37.90
Zamenis scalaris,0.774,1.8,38.22
Crotalus viridis,0.21,1.4,38.34
Heterodon platyrhinos,0.21,1.4,38.34
Heterodon platyrhinos,0.21,1.4,38.34
Heterodon platyrhinos,0.21,1.4,38.34
Nerodia sipedon,0.21,1.4,38.34
Nerodia sipedon,0.21,1.4,38.34
Pantherophis obsoletus,0.21,1.4,38.34
Carphophis amoenus,0.0117,0.129,38.35
Coluber constrictor,0.0117,0.129,38.35
Crotalus adamanteus,0.0117,0.129,38.35
Crotalus horridus,0.0117,0.129,38.35
Pantherophis guttatus,0.0117,0.129,38.35
Thamnophis sirtalis,0.0117,0.129,38.35
Coluber cadurci,15.98,20,38.45
Palaeophis ferganicus,47.8,56,38.58
Carphophis amoenus,0.000,2.58,38.59
Lampropeltis triangulum,0.000,2.58,38.59
Nerodia sipedon,0.000,2.58,38.59
Carphophis amoenus,0.000,2.58,38.63
Coluber constrictor,0.000,2.58,38.63
Crotalus horridus,0.000,2.58,38.63
Lampropeltis triangulum,0.000,2.58,38.63
Nerodia sipedon,0.000,2.58,38.63
Natrix natrix,0.129,0.774,38.68
Vipera latastei,0.0117,0.129,38.70
Coluber constrictor,0.000,2.58,38.72
Crotalus horridus,0.000,2.58,38.72
Heterodon platyrhinos,0.000,2.58,38.72
Lampropeltis triangulum,0.000,2.58,38.72
Nerodia sipedon,0.000,2.58,38.72
Pantherophis vulpinus,0.000,2.58,38.72
Sistrurus catenatus,0.000,2.58,38.72
Sistrurus catenatus,0.21,1.4,38.74
Nerodia sipedon,0.21,1.4,38.74
Pituophis melanoleucus,0.21,1.4,38.74
Thamnophis sirtalis,0.21,1.4,38.74
Palaeophis grandis,47.8,56,38.85
Palaeophis casei,50.5,54.9,38.87
Palaeophis toliapicus,50.5,54.9,38.87
Palaeophis virginianus,50.5,54.9,38.87
Palaeophis virginianus,47.8,59.2,38.94
Malpolon monspessulanus,2.58,3.6,39.04
Natrix maura,2.58,3.6,39.04
Nerodia sipedon,0.014,1.4,39.04
Vipera berus,2.58,3.6,39.04
Ameiseophis robinsoni,15.98,20.44,39.39
Pollackophis depressus,15.98,20.44,39.39
Pterygoboa delawarensis,15.98,20.44,39.39
Lampropeltis similis,9.4,12.5,39.53
Nerodia hillmani,9.4,12.5,39.53
Ogmophis pliocompactus,9.4,12.5,39.53
Texasophis wilsoni,9.4,12.5,39.53
Tregophis brevirachis,9.4,12.5,39.53
Carphophis amoenus,0.21,1.4,39.62
Coluber constrictor,0.21,1.4,39.62
Crotalus horridus,0.21,1.4,39.62
Diadophis punctatus,0.21,1.4,39.62
Heterodon platyrhinos,0.21,1.4,39.62
Lampropeltis triangulum,0.21,1.4,39.62
Nerodia sipedon,0.21,1.4,39.62
Pantherophis vulpinus,0.21,1.4,39.62
Vipera natiensis,3.6,5.333,39.66
Vialovophis zhylan,56,59.2,39.72
Coluber constrictor,0.21,1.4,39.82
Crotalus horridus,0.21,1.4,39.82
Heterodon platyrhinos,0.21,1.4,39.82
Lampropeltis triangulum,0.21,1.4,39.82
Nerodia sipedon,0.21,1.4,39.82
Pantherophis vulpinus,0.21,1.4,39.82
Coluber constrictor,0.21,1.4,39.84
Heterodon nasicus,0.21,1.4,39.84
Nerodia sipedon,0.21,1.4,39.84
Thamnophis sirtalis,0.21,1.4,39.84
Palaeophis grandis,41.2,47.8,39.98
Krebsophis thobanus,66,83.6,4.15
Nubianophis afaahus,66,83.6,4.15
Nubianophis afaahus,66,83.6,4.15
Nessovophis zhylga,47.8,56,40.06
Rhabdophis tigrinus,0.000,2.58,40.06
Rhabdophis tigrinus,0.000,2.58,40.06
Pantherophis kansensis,4.7,9.4,40.10
Cheilophis huerfanoensis,56,59.2,40.12
Pterosphenus schucherti,56,59.2,40.12
Vipera natiensis,2.58,5.333,40.15
Oxybelis acuminatus,0.21,1.4,40.22
Coronella girondica,0.129,0.774,40.29
Coronella girondica,0.000,2.58,40.36
Natrix natrix,0.000,2.58,40.36
Naja romani,8.7,11.63,40.38
Laophis crotaloides,3.1,5.333,40.48
Eoanilius oligocenicus,22.4,23.03,40.54
Geringophis depressus,12.5,16.3,40.57
Nebraskophis skinneri,12.5,16.3,40.57
Neonatrix elongata,12.5,16.3,40.57
Paleoheterodon tiheni,12.5,16.3,40.57
Paleoheterodon tiheni,12.5,16.3,40.57
Pantherophis kansensis,12.5,16.3,40.57
Pterygoboa miocenica,12.5,16.3,40.57
Salvadora paleolineata,12.5,16.3,40.57
Paleoheterodon tiheni,12.5,16.3,40.60
Pterygoboa miocenica,12.5,16.3,40.60
Salvadora paleolineata,12.5,16.3,40.60
Coluber constrictor,1.4,9.4,40.61
Eoanilius oligocenicus,15.98,23.03,40.61
Nerodia erythrogaster,1.4,9.4,40.61
Paleoheterodon tiheni,1.4,9.4,40.61
Coronella girondica,0.0117,0.129,40.76
Coluber constrictor,12.5,16.3,40.78
Crotalus viridis,0.0117,0.129,40.78
Calamagras turkestanicus,47.8,56,40.85
Charina bottae,0.014,0.21,40.85
Charina bottae,0.0117,0.129,40.85
Palaeophis ferganicus,47.8,56,40.85
Paraxenophis spanios,5.333,8.7,40.89
Periergophis micros,5.333,8.7,40.89
Vipera latastei,0.000,0.0117,40.93
Palaeophis oweni,37.71,41.2,40.97
Sanjuanophis froehlichorum,50.5,54.9,41.00
Calamagras primus,50.5,54.9,41.04
Cheilophis huerfanoensis,50.5,54.9,41.04
Sanjuanophis froehlichorum,50.5,54.9,41.04
Palaeophis tamdy,37.71,41.2,41.11
Cheilophis huerfanoensis,46.2,50.5,41.13
Natrix maura,0.0117,0.129,41.28
Coronella girondica,2.58,3.2,41.37
Eophis underwoodi,165.3,168.2,41.37
Malpolon monspessulanus,2.58,3.2,41.37
Natrix maura,2.58,3.2,41.37
Natrix natrix,2.58,3.2,41.37
Zamenis scalaris,2.58,3.2,41.37
Natrix natrix,0.000,0.0117,41.38
Natrix natrix,0.000,0.0117,41.38
Hierophis viridiflavus,0.774,2.58,41.39
Lampropeltis triangulum,1.4,4.7,41.52
Nerodia sipedon,1.4,4.7,41.52
Pantherophis vulpinus,1.4,4.7,41.52
Thamnophis sirtalis,1.4,4.7,41.52
Arizona voorhiesi,4.7,9.4,41.62
Charina prebottae,4.7,9.4,41.62
Crotalus horridus,4.7,9.4,41.62
Heterodon platyrhinos,4.7,9.4,41.62
Lampropeltis getula,4.7,9.4,41.62
Lampropeltis triangulum,4.7,9.4,41.62
Nebraskophis skinneri,4.7,9.4,41.62
Neonatrix elongata,4.7,9.4,41.62
Paleoheterodon tiheni,4.7,9.4,41.62
Pantherophis kansensis,4.7,9.4,41.62
Paracoluber storeri,4.7,9.4,41.62
Salvadora paleolineata,4.7,9.4,41.62
Charina prebottae,16.3,18.5,41.63
Texasophis fossilis,16.3,18.5,41.63
Calamagras angulatus,31.8,33.9,41.88
Calamagras murivorus,31.8,33.9,41.88
Calamagras talpivorus,31.8,33.9,41.88
Neurodromicus dorsalis,31.8,33.9,41.88
Cadurceryx filholi,37.71,41.2,42.06
Dunnophis cadurcensis,37.71,41.2,42.06
Palaeopython cadurcensis,37.71,41.2,42.06
Palaeopython cadurcensis,37.71,41.2,42.06
Platyspondylia sudrei,37.71,41.2,42.06
Geringophis vetus,31.8,33.9,42.08
Texasophis galbreathi,31.8,33.9,42.09
Dakotaophis greeni,12.5,16.3,42.12
Dakotaophis greeni,12.5,16.3,42.12
Lampropeltis similis,12.5,16.3,42.12
Paleoheterodon tiheni,12.5,16.3,42.12
Pantherophis kansensis,12.5,16.3,42.12
Pantherophis kansensis,12.5,16.3,42.12
Pantherophis kansensis,12.5,16.3,42.12
Salvadora paleolineata,12.5,16.3,42.12
Salvadora paleolineata,12.5,16.3,42.12
Palaeopython cadurcensis,37.71,41.2,42.21
Palaeopython cadurcensis,37.71,41.2,42.21
Coronella girondica,0.129,0.774,42.29
Natrix maura,0.129,0.774,42.29
Natrix maura,0.129,0.774,42.29
Natrix natrix,0.129,0.774,42.29
Coronella austriaca,0.129,0.774,42.33
Coronella girondica,0.129,0.774,42.33
Natrix maura,0.129,0.774,42.33
Vipera aspis,0.129,0.774,42.33
Vipera latastei,0.129,0.774,42.33
Zamenis scalaris,0.129,0.774,42.33
Coronella austriaca,0.129,0.774,42.35
Coronella austriaca,0.129,0.774,42.35
Natrix maura,0.129,0.774,42.35
Natrix natrix,0.129,0.774,42.35
Vipera aspis,0.129,0.774,42.35
Zamenis scalaris,0.129,0.774,42.35
Zamenis scalaris,0.129,0.774,42.35
Coronella austriaca,0.774,1.8,42.37
Coronella austriaca,0.000,2.58,42.37
Natrix natrix,0.774,1.8,42.37
Natrix natrix,0.000,2.58,42.37
Vipera aspis,0.774,1.8,42.37
Vipera aspis,0.000,2.58,42.37
Zamenis scalaris,0.774,1.8,42.37
Zamenis scalaris,0.000,2.58,42.37
Coluber constrictor,1.4,4.7,42.49
Crotalus horridus,1.4,4.7,42.49
Heterodon nasicus,1.4,4.7,42.49
Heterodon platyrhinos,1.4,4.7,42.49
Lampropeltis calligaster,1.4,4.7,42.49
Lampropeltis getula,1.4,4.7,42.49
Lampropeltis triangulum,1.4,4.7,42.49
Sistrurus catenatus,1.4,4.7,42.49
Pantherophis guttatus,1.4,4.7,42.49
Pantherophis vulpinus,1.4,4.7,42.49
Thamnophis sirtalis,1.4,4.7,42.49
Anilioides nebraskensis,24.7,29.5,42.54
Anilioides nebraskensis,24.7,29.5,42.54
Calamagras platyspondyla,24.7,29.5,42.54
Calamagras platyspondyla,24.7,29.5,42.54
Goinophis minusculus,24.7,29.5,42.54
Natrix natrix,0.0117,0.129,42.55
Anilioides nebraskensis,23.1,24.7,42.61
Calamagras angulatus,23.1,24.7,42.61
Calamagras angulatus,23.1,24.7,42.61
Calamagras angulatus,23.1,24.7,42.61
Calamagras platyspondyla,23.1,24.7,42.61
Geringophis depressus,23.1,24.7,42.61
Hierophis viridiflavus,0.129,0.774,42.66
Natrix natrix,0.000,0.0117,42.66
Heterodon platyrhinos,4.7,9.4,42.69
Lampropeltis triangulum,4.7,9.4,42.69
Paleoheterodon tiheni,4.7,9.4,42.69
Pantherophis guttatus,4.7,9.4,42.69
Pituophis melanoleucus,4.7,9.4,42.69
Crotalus horridus,1.4,4.7,42.72
Nerodia rhombifer,1.4,4.7,42.72
Pantherophis guttatus,1.4,4.7,42.72
Thamnophis sirtalis,1.4,4.7,42.72
Ameiseophis robinsoni,9.4,12.5,42.73
Paleoheterodon tiheni,9.4,12.5,42.73
Salvadora paleolineata,9.4,12.5,42.73
Dunnophis cadurcensis,41.2,47.8,42.75
Dunnophis matronensis,41.2,47.8,42.75
Szyndlaria aureomontensis,41.2,47.8,42.75
Eoanilius oligocenicus,15.98,20.44,42.82
Heterodon platyrhinos,1.4,4.7,42.82
Cadurceryx filholi,33.9,37.71,42.85
Cadurcoboa insolita,33.9,37.71,42.85
Dunnophis cadurcensis,33.9,37.71,42.85
Dunnophis cadurcensis,33.9,37.71,42.85
Eoanilius europae,33.9,37.71,42.85
Palaeopython cadurcensis,33.9,37.71,42.85
Palaeopython cadurcensis,33.9,37.71,42.85
Phosphoroboa filholi,33.9,37.71,42.85
Cadurceryx filholi,33.9,37.71,42.86
Cadurceryx filholi,33.9,37.71,42.86
Cadurcoboa insolita,33.9,37.71,42.86
Dunnophis cadurcensis,33.9,37.71,42.86
Eoanilius europae,33.9,37.71,42.86
Eoanilius europae,33.9,37.71,42.86
Palaeopython cadurcensis,33.9,37.71,42.86
Palaeopython cadurcensis,33.9,37.71,42.86
Cadurceryx filholi,33.9,37.71,42.87
Dunnophis cadurcensis,33.9,37.71,42.87
Eoanilius europae,33.9,37.71,42.87
Palaeopython cadurcensis,33.9,37.71,42.87
Phosphoroboa filholi,33.9,37.71,42.88
Pantherophis pliocenica,1.4,4.7,42.90
Pantherophis vulpinus,1.4,4.7,42.90
Palaeophis nessovi,37.71,47.8,42.92
Paleoheterodon tiheni,12.5,16.3,43.03
Helagras prisciformis,60.9,63.8,43.04
Malpolon monspessulanus,0.0117,0.129,43.05
Coronella austriaca,0.0117,0.129,43.07
Cadurcoboa insolita,33.9,37.71,43.08
Dunnophis cadurcensis,33.9,37.71,43.08
Ameiseophis robinsoni,9.4,12.5,43.09
Lampropeltis getula,9.4,12.5,43.09
Lampropeltis triangulum,9.4,12.5,43.09
Micronatrix juliescottae,9.4,12.5,43.09
Neonatrix infera,9.4,12.5,43.09
Nerodia hillmani,9.4,12.5,43.09
Pantherophis kansensis,9.4,12.5,43.09
Paracoluber storeri,9.4,12.5,43.09
Tregophis brevirachis,9.4,12.5,43.09
Charina prebottae,16.3,18.5,43.10
Dakotaophis greeni,16.3,18.5,43.10
Lampropeltis getula,4.7,9.4,43.10
Pantherophis obsoletus,4.7,9.4,43.10
Pituophis melanoleucus,4.7,9.4,43.10
Salvadora paleolineata,16.3,18.5,43.10
Helagras prisciformis,63.8,66,43.11
Lampropeltis getula,4.7,9.4,43.11
Lampropeltis triangulum,4.7,9.4,43.11
Pantherophis guttatus,4.7,9.4,43.11
Pantherophis obsoletus,4.7,9.4,43.11
Pituophis melanoleucus,4.7,9.4,43.11
Geringophis depressus,12.5,16.3,43.13
Lampropeltis similis,12.5,16.3,43.13
Paleoheterodon tiheni,12.5,16.3,43.13
Pantherophis kansensis,12.5,16.3,43.13
Salvadora paleolineata,12.5,16.3,43.13
Zamenis longissimus,0.0117,0.129,43.19
Hierophis viridiflavus,0.000,2.58,43.23
Calamagras platyspondyla,18.5,23.1,43.25
Ogmophis miocompactus,18.5,23.1,43.25
Geringophis yatkolae,15.98,23.03,43.26
Ogmophis miocompactus,15.98,23.03,43.26
Coronella austriaca,0.129,0.774,43.27
Hierophis viridiflavus,0.129,0.774,43.27
Natrix natrix,0.129,0.774,43.27
Palaeophis nessovi,37.71,47.8,43.27
Palaeophis tamdy,37.71,47.8,43.27
Zamenis longissimus,0.129,0.774,43.27
Palaeophis nessovi,37.71,41.2,43.34
Ameiseophis robinsoni,12.5,16.3,43.35
Bransateryx vireti,23.03,27.82,43.35
Charina prebottae,12.5,16.3,43.35
Geringophis depressus,12.5,16.3,43.35
Lampropeltis similis,12.5,16.3,43.35
Nebraskophis skinneri,12.5,16.3,43.35
Neonatrix elongata,12.5,16.3,43.35
Neonatrix magna,12.5,16.3,43.35
Paleoheterodon tiheni,12.5,16.3,43.35
Pantherophis kansensis,12.5,16.3,43.35
Platyspondylia lepta,23.03,27.82,43.35
Salvadora paleolineata,12.5,16.3,43.35
Palaeophis nessovi,37.71,41.2,43.36
Ameiseophis robinsoni,12.5,16.3,43.37
Charina prebottae,12.5,16.3,43.37
Lampropeltis similis,12.5,16.3,43.37
Nebraskophis skinneri,12.5,16.3,43.37
Neonatrix elongata,12.5,16.3,43.37
Neonatrix magna,12.5,16.3,43.37
Paleoheterodon tiheni,12.5,16.3,43.37
Pantherophis kansensis,12.5,16.3,43.37
Salvadora paleolineata,12.5,16.3,43.37
Neonatrix elongata,12.5,16.3,43.38
Salvadora paleolineata,12.5,16.3,43.38
Palaeophis nessovi,37.71,41.2,43.42
Malpolon monspessulanus,2.58,5.333,43.44
Michauxophis occitanus,2.58,3.6,43.51
Zamenis longissimus,2.58,3.6,43.51
Coronella austriaca,0.0117,0.129,43.54
Vipera berus,0.0117,0.129,43.54
Anilioides nebraskensis,18.5,23.1,43.57
Calamagras angulatus,18.5,23.1,43.57
Calamagras murivorus,31.8,33.9,43.57
Calamagras platyspondyla,18.5,23.1,43.57
Cheilophis huerfanoensis,31.8,33.9,43.57
Geringophis depressus,18.5,23.1,43.57
Ogmophis compactus,31.8,33.9,43.57
Ogmophis miocompactus,18.5,23.1,43.57
Coluber cadurci,27.82,33.9,43.58
Coluber cadurci,27.82,33.9,43.58
Coluber cadurci,27.82,33.9,43.60
Coluber cadurci,27.82,33.9,43.60
Coluber cadurci,27.82,33.9,43.60
Coluber cadurci,27.82,33.9,43.60
Eoanilius oligocenicus,27.82,33.9,43.60
Eoanilius oligocenicus,27.82,33.9,43.60
Eoanilius oligocenicus,27.82,33.9,43.60
Eoanilius oligocenicus,27.82,33.9,43.60
Ameiseophis robinsoni,11.63,15.98,43.63
Ameiseophis robinsoni,11.63,15.98,43.63
Calamagras weigeli,11.63,15.98,43.63
Charina prebottae,11.63,15.98,43.63
Charina prebottae,11.63,15.98,43.63
Pseudocemophora antiqua,11.63,15.98,43.63
Ameiseophis robinsoni,12.5,16.3,43.64
Charina prebottae,12.5,16.3,43.64
Dakotaophis greeni,12.5,16.3,43.64
Neonatrix elongata,12.5,16.3,43.64
Ogmophis miocompactus,12.5,16.3,43.64
Paleoheterodon tiheni,12.5,16.3,43.64
Salvadora paleolineata,12.5,16.3,43.64
Albaneryx depereti,11.63,15.98,43.67
Coluber pouchetii,11.63,15.98,43.67
Coluber pouchetii,11.63,15.98,43.67
Micrurus gallicus,11.63,15.98,43.67
Natrix longivertebrata,11.63,15.98,43.67
Natrix longivertebrata,11.63,15.98,43.67
Natrix sansaniensis,11.63,15.98,43.67
Neonatrix europaea,11.63,15.98,43.67
Palaeonatrix lehmani,11.63,15.98,43.67
Palaeonatrix lehmani,11.63,15.98,43.67
Paleoheterodon arcuatus,11.63,15.98,43.67
Texasophis meini,11.63,15.98,43.67
Malpolon monspessulanus,0.129,0.774,43.69
Natrix maura,0.129,0.774,43.69
Zamenis longissimus,0.129,0.774,43.69
Zamenis scalaris,0.129,0.774,43.69
Coronella austriaca,0.129,0.774,43.70
Coronella girondica,0.129,0.774,43.70
Malpolon monspessulanus,0.129,0.774,43.70
Vipera aspis,0.129,0.774,43.70
Zamenis longissimus,0.129,0.774,43.70
Zamenis scalaris,0.129,0.774,43.70
Malpolon monspessulanus,0.000,2.58,43.71
Bransateryx vireti,23.03,33.9,43.74
Coluber cadurci,27.82,33.9,43.74
Coluber cadurci,23.03,33.9,43.74
Coluber cadurci,27.82,33.9,43.74
Coluber cadurci,27.82,33.9,43.74
Natrix mlynarskii,27.82,33.9,43.74
Natrix mlynarskii,15.98,37.71,43.84
Palaeopython cadurcensis,15.98,37.71,43.84
Palaeopython cadurcensis,15.98,37.71,43.84
Palaeopython neglectus,15.98,37.71,43.84
Phosphoroboa filholi,15.98,37.71,43.84
Plesiotortrix edwardsi,15.98,37.71,43.84
Bransateryx vireti,23.03,27.82,43.86
Coluber cadurci,23.03,27.82,43.86
Coluber cadurci,23.03,27.82,43.86
Lampropeltis similis,9.4,12.5,43.86
Bavarioboa crocheti,23.03,27.82,43.88
Bavarioboa vaylatsae,23.03,27.82,43.88
Platyspondylia lepta,23.03,27.82,43.88
Calamagras weigeli,16.3,18.5,43.90
Charina prebottae,16.3,18.5,43.90
Dakotaophis greeni,16.3,18.5,43.90
Neonatrix elongata,16.3,18.5,43.90
Ogmophis miocompactus,16.3,18.5,43.90
Pterygoboa miocenica,16.3,18.5,43.90
Salvadora paleolineata,16.3,18.5,43.90
Hibernophis breithaupti,31.8,33.9,43.98
Ameiseophis robinsoni,16.3,18.5,43.99
Bavarioboa bachensis,23.03,27.82,43.99
Charina prebottae,16.3,18.5,43.99
Dakotaophis greeni,16.3,18.5,43.99
Pseudocemophora antiqua,16.3,18.5,43.99
Salvadora paleolineata,16.3,18.5,43.99
Ameiseophis robinsoni,16.3,18.5,44.01
Ameiseophis robinsoni,16.3,18.5,44.01
Ameiseophis robinsoni,16.3,18.5,44.01
Ameiseophis robinsoni,16.3,18.5,44.01
Calamagras weigeli,16.3,18.5,44.01
Charina prebottae,16.3,18.5,44.01
Charina prebottae,16.3,18.5,44.01
Ogmophis miocompactus,16.3,18.5,44.01
Ogmophis miocompactus,16.3,18.5,44.01
Paracoluber storeri,16.3,18.5,44.01
Pseudocemophora antiqua,16.3,18.5,44.01
Pseudocemophora antiqua,16.3,18.5,44.01
Pseudocemophora antiqua,16.3,18.5,44.01
Salvadora paleolineata,16.3,18.5,44.01
Coluber pouchetii,15.98,16.9,44.03
Micrurus gallicus,15.98,16.9,44.03
Natrix longivertebrata,15.98,16.9,44.03
Natrix merkurensis,15.98,16.9,44.03
Natrix sansaniensis,15.98,16.9,44.03
Neonatrix europaea,15.98,16.9,44.03
Palaeonatrix lehmani,15.98,16.9,44.03
Texasophis meini,15.98,16.9,44.03
Geringophis vetus,31.8,33.9,44.04
Helagras orellanensis,31.8,33.9,44.04
Paleoheterodon arcuatus,5.333,7.246,44.04
Charina prebottae,12.5,16.3,44.09
Lampropeltis similis,12.5,16.3,44.09
Pantherophis kansensis,12.5,16.3,44.09
Palaeophis nessovi,37.71,41.2,44.12
Palaeophis nessovi,33.9,41.2,44.21
Calamagras gallicus,47.8,56,44.28
Coronella austriaca,0.774,2.58,44.31
Natrix natrix,0.774,2.58,44.31
Coronella austriaca,0.0117,0.129,44.35
Coprophis dakotaensis,31.8,33.9,44.40
Bavarioboa crocheti,23.03,27.82,44.41
Bransateryx vireti,23.03,27.82,44.41
Ogmophis oregonensis,18.5,29.5,44.41
Platyspondylia lepta,23.03,27.82,44.41
Calamagras gallicus,47.8,56,44.53
Dunnophis matronensis,47.8,56,44.53
Calamagras gallicus,47.8,56,44.56
Dunnophis matronensis,47.8,56,44.56
Russellophis tenuis,47.8,56,44.56
Hibernophis breithaupti,31.8,33.9,44.58
Hibernophis breithaupti,31.8,33.9,44.58
Calamagras gallicus,47.8,56,44.61
Dunnophis matronensis,47.8,56,44.61
Calamagras gallicus,47.8,56,44.65
Dunnophis matronensis,47.8,56,44.65
Coronella austriaca,0.129,0.774,44.75
Boavus occidentalis,46.2,50.5,44.87
Dunnophis matronensis,47.8,56,44.91
Calamagras angulatus,31.8,33.9,44.99
Boavus brevis,46.2,50.5,45.05
Boavus occidentalis,46.2,50.5,45.05
Boavus occidentalis,46.2,50.5,45.05
Boavus occidentalis,46.2,50.5,45.05
Boavus occidentalis,46.2,50.5,45.05
Boavus occidentalis,46.2,50.5,45.05
Lithophis sargenti,46.2,50.5,45.05
Borealilysia gunnelli,46.2,50.5,45.08
Calamagras gallicus,47.8,56,45.10
Dunnophis matronensis,47.8,56,45.10
Palaeophis toliapicus,47.8,56,45.10
Palaeophis typhaeus,47.8,56,45.10
Russellophis tenuis,47.8,56,45.10
Boavus occidentalis,46.2,50.5,45.11
Zamenis scalaris,0.0117,0.129,45.29
Calamagras primus,46.2,50.5,45.32
Boavus idelmani,46.2,50.5,45.36
Nerodia sipedon,0.21,1.4,45.47
Pantherophis vulpinus,0.21,1.4,45.47
Thamnophis sirtalis,0.21,1.4,45.47
Naja romani,5.333,7.246,45.48
Vipera aspis,2.58,3.1,45.49
Coronella austriaca,0.129,0.774,45.61
Hierophis viridiflavus,3.2,4.2,45.63
Hierophis viridiflavus,2.58,3.2,45.63
Coronella miocaenica,11.63,12.8,45.76
Elaphe quatuorlineata,2.58,5.333,45.76
Hierophis viridiflavus,2.58,3.2,45.76
Dawsonophis wyomingensis,39.7,46.2,45.78
Ogmophis voorhiesi,39.7,46.2,45.78
Coluber dolnicensis,11.1,12.8,45.82
Micrurus gallicus,11.1,12.8,45.82
Micrurus gallicus,11.1,12.8,45.82
Naja romani,11.1,12.8,45.82
Naja romani,11.1,12.8,45.82
Natrix longivertebrata,11.1,12.8,45.82
Natrix longivertebrata,11.1,12.8,45.82
Natrix sansaniensis,11.1,12.8,45.82
Neonatrix crassa,11.1,12.8,45.82
Neonatrix europaea,11.1,12.8,45.82
Paleoheterodon arcuatus,11.1,12.8,45.82
Paleoheterodon arcuatus,11.1,12.8,45.82
Paleoheterodon arcuatus,11.1,12.8,45.82
Texasophis meini,11.1,12.8,45.82
Texasophis meini,11.1,12.8,45.82
Texasophis meini,11.1,12.8,45.82
Vipera meotica,4.9,7.246,45.96
Micrurus gallicus,11.63,20,45.97
Naja romani,11.63,20,45.97
Natrix sansaniensis,11.63,20,45.97
Neonatrix europaea,11.63,20,45.97
Rageryx schmidi,41.2,56,45.99
Boavus occidentalis,46.2,50.5,46.05
Boavus occidentalis,46.2,50.5,46.05
Calamagras primus,46.2,50.5,46.05
Borealilysia carinata,46.2,50.5,46.14
Calamagras primus,46.2,50.5,46.14
Dunnophis microechinis,46.2,50.5,46.14
Eoconstrictor fischeri,33.9,37.71,46.14
Eoconstrictor fischeri,33.9,37.71,46.14
Palaeopython helveticus,33.9,37.71,46.14
Palaeopython helveticus,33.9,37.71,46.14
Palaeopython helveticus,33.9,37.71,46.14
Paraepicrates brevispondylus,46.2,50.5,46.14
Coluber caspioides,15.98,16.9,46.38
Dryinoides oxyrhachis,12.5,16.3,46.38
Naja romani,5.333,8.7,46.49
Dunnophis microechinis,46.2,50.5,46.50
Boavus occidentalis,31.8,33.9,46.62
Calamagras angulatus,31.8,33.9,46.62
Coluber hungaricus,5.333,8.7,46.80
Coluber hungaricus,5.333,8.7,46.80
Coluber hungaricus,5.333,8.7,46.80
Coronella miocaenica,5.333,8.7,46.80
Coronella miocaenica,5.333,8.7,46.80
Coronella miocaenica,5.333,8.7,46.80
Natrix longivertebrata,5.333,8.7,46.80
Natrix longivertebrata,5.333,8.7,46.80
Macrovipera gedulyi,5.333,8.7,46.80
Macrovipera gedulyi,5.333,8.7,46.80
Macrovipera gedulyi,5.333,8.7,46.80
Zamenis praelonguissimus,5.333,8.7,46.80
Zamenis praelonguissimus,5.333,8.7,46.80
Zamenis szyndlari,5.333,8.7,46.80
Zamenis szyndlari,5.333,8.7,46.80
Coluber caspius,4.9,7.246,46.85
Coluber hungaricus,4.9,7.246,46.85
Elaphe kormosi,4.9,7.246,46.85
Natrix longivertebrata,7.246,7.75,46.85
Natrix longivertebrata,4.9,7.246,46.85
Macrovipera gedulyi,4.9,7.246,46.85
Vipera meotica,7.246,7.75,46.85
Zamenis kohfidischi,7.246,7.75,46.85
Zamenis kohfidischi,22.4,23.03,46.85
Zamenis praelonguissimus,4.9,7.246,46.85
Coluber planicarinatus,7.75,8.7,46.88
Coluber planicarinatus,7.75,8.7,46.88
Naja romani,7.75,8.7,46.88
Natrix longivertebrata,7.75,8.7,46.88
Macrovipera gedulyi,7.75,8.7,46.88
Zamenis kohfidischi,7.75,8.7,46.88
Eoconstrictor fischeri,41.2,47.8,46.89
Messelophis variatus,41.2,47.8,46.89
Messelopython freyi,41.2,47.8,46.89
Rieppelophis ermannorum,41.2,47.8,46.89
Palaeophis longus,47.8,56,46.95
Coronella miocaenica,7.246,11.63,46.98
Hierophis viridiflavus,2.58,3.2,47.00
Palaeophis toliapicus,47.8,56,47.05
Ogmophis arenarum,12.5,16.3,47.14
Charina bottae,1.4,4.7,47.16
Lampropeltis getula,1.4,4.7,47.16
Pantherophis pliocenica,1.4,4.7,47.16
Pantherophis vulpinus,1.4,4.7,47.16
Vipera sarmatica,8.7,9.7,47.30
Elaphe kormosi,7.246,7.75,47.41
Zamenis praelonguissimus,7.246,7.75,47.41
Calamagras weigeli,33.9,37,47.44
Ogmophis compactus,33.9,37,47.44
Natrix sansaniensis,11.1,13.82,47.47
Natrix sansaniensis,11.1,13.82,47.47
Natrix sansaniensis,11.1,13.82,47.47
Natrix sansaniensis,11.1,13.82,47.47
Natrix sansaniensis,11.1,13.82,47.47
Texasophis meini,11.1,13.82,47.47
Palaeophis typhaeus,41.2,47.8,47.58
Albaneryx volynicus,9.7,11.1,47.60
Coluber pouchetii,9.7,11.1,47.60
Coluber pouchetii,9.7,11.1,47.60
Palaeophis typhaeus,41.2,47.8,47.61
Palaeophis typhaeus,41.2,47.8,47.61
Palaeophis typhaeus,41.2,47.8,47.61
Woutersophis novus,41.2,47.8,47.69
Woutersophis novus,41.2,47.8,47.70
Woutersophis novus,41.2,47.8,47.71
Woutersophis novus,41.2,47.8,47.71
Woutersophis novus,41.2,47.8,47.73
Woutersophis novus,41.2,47.8,47.74
Woutersophis novus,41.2,47.8,47.80
Woutersophis novus,41.2,47.8,47.80
Bransateryx vireti,27.82,33.9,47.86
Bransateryx vireti,27.82,33.9,47.86
Eoanilius oligocenicus,27.82,33.9,47.86
Eoanilius oligocenicus,27.82,33.9,47.86
Texasophis bohemiacus,27.82,33.9,47.86
Naja romani,9.7,11.1,48.02
Coluber caspius,2.58,3.2,48.03
Elaphe quatuorlineata,2.58,3.2,48.03
Hierophis viridiflavus,2.58,3.2,48.03
Natrix natrix,2.58,3.2,48.03
Boavus occidentalis,50.5,54.9,48.09
Boavus occidentalis,50.5,54.9,48.09
Hierophis viridiflavus,0.000,2.58,48.10
Bransateryx vireti,23.03,27.82,48.15
Bavarioboa herrlingensis,23.03,27.82,48.22
Bavarioboa minuta,23.03,27.82,48.22
Bransateryx vireti,23.03,27.82,48.22
Bransateryx vireti,23.03,27.82,48.22
Eoanilius oligocenicus,23.03,27.82,48.22
Eoanilius oligocenicus,23.03,27.82,48.22
Platyspondylia germanica,23.03,27.82,48.22
Rottophis atavus,23.03,27.82,48.22
Hierophis viridiflavus,0.000,2.58,48.32
Eoconstrictor spinifer,41.2,47.8,48.34
Eoconstrictor spinifer,41.2,47.8,48.34
Palaeopython ceciliensis,41.2,47.8,48.34
Palaeopython ceciliensis,41.2,47.8,48.34
Coluber hungaricus,3.6,5.333,48.37
Coluber hungaricus,3.6,5.333,48.37
Coronella austriaca,3.6,5.333,48.37
Coronella austriaca,3.6,5.333,48.37
Coronella austriaca,3.6,5.333,48.37
Elaphe kormosi,3.6,5.333,48.37
Natrix longivertebrata,3.6,5.333,48.37
Natrix longivertebrata,3.6,5.333,48.37
Natrix longivertebrata,3.6,5.333,48.37
Vipera ammodytes,3.6,5.333,48.37
Vipera ammodytes,3.6,5.333,48.37
Vipera berus,3.6,5.333,48.37
Zamenis praelonguissimus,3.6,5.333,48.37
Zamenis praelonguissimus,3.6,5.333,48.37
Coluber caspioides,15.98,20.44,48.64
Bavarioboa hermi,13.82,15.98,48.66
Coluber caspioides,13.82,15.98,48.66
Coluber caspioides,13.82,15.98,48.66
Coluber hungaricus,13.82,15.98,48.66
Micrurus gallicus,13.82,15.98,48.66
Texasophis meini,13.82,15.98,48.66
Eoanilius oligocenicus,16.9,20,48.75
Naja romani,13.82,15.98,48.90
Zamenis kohfidischi,13.82,15.98,48.90
Coronella austriaca,3.2,4.2,48.92
Elaphe quatuorlineata,3.2,4.2,48.92
Hierophis viridiflavus,3.2,4.2,48.92
Natrix natrix,3.2,4.2,48.92
Coluber suevicus,11.1,12.8,48.95
Natrix natrix,0.000,0.0117,49.01
Natrix natrix,0.000,0.0117,49.01
Natrix natrix,0.000,0.0117,49.01
Natrix natrix,0.000,0.0117,49.01
Natrix natrix,0.000,0.0117,49.01
Natrix natrix,0.000,0.0117,49.01
Natrix natrix,0.000,0.0117,49.01
Natrix natrix,0.000,0.0117,49.01
Headonophis harrisoni,33.9,37.71,49.05
Paleryx rhombifer,33.9,37.71,49.05
Vectophis wardi,33.9,37.71,49.05
Vectophis wardi,33.9,37.71,49.09
Cadurceryx pearchi,33.9,37.71,49.15
Hordleophis balconae,33.9,37.71,49.15
Palaeopython cadurcensis,33.9,37.71,49.15
Palaeopython cadurcensis,33.9,37.71,49.15
Paleryx rhombifer,33.9,37.71,49.15
Paleryx rhombifer,33.9,37.71,49.15
Paleryx rhombifer,33.9,37.71,49.15
Paleryx rhombifer,33.9,37.71,49.15
Paraplatyspondylia batesi,33.9,37.71,49.15
Paraplatyspondylia batesi,33.9,37.71,49.15
Russellophis tenuis,33.9,37.71,49.15
Totlandophis thomasae,33.9,37.71,49.15
Vectophis wardi,33.9,37.71,49.15
Bavarioboa hermi,15.98,16.9,49.18
Coluber caspioides,15.98,16.9,49.18
Falseryx petersbuchi,15.98,16.9,49.18
Micrurus gallicus,15.98,16.9,49.18
Naja romani,15.98,16.9,49.18
Natrix sansaniensis,15.98,16.9,49.18
Palaeonatrix lehmani,15.98,16.9,49.18
Vipera antiqua,15.98,16.9,49.18
Vipera platyspondyla,15.98,16.9,49.18
Bavarioboa ultima,13.82,15.98,49.19
Coronella austriaca,0.000,2.58,49.20
Natrix natrix,0.000,2.58,49.20
Vipera berus,0.000,2.58,49.20
Zamenis longissimus,0.000,2.58,49.20
Bavarioboa hermi,15.98,20,49.46
Coluber constrictor,0.014,0.21,49.51
Charina prebottae,12.5,16.3,49.82
Lampropeltis similis,12.5,16.3,49.82
Pantherophis kansensis,12.5,16.3,49.82
Paracoluber storeri,12.5,16.3,49.82
Bransateryx vireti,22.4,23.03,49.91
Coluber cadurci,22.4,23.03,49.91
Falseryx petersbuchi,22.4,23.03,49.91
Vipera antiqua,22.4,23.03,49.91
Vipera antiqua,22.4,23.03,49.91
Natrix natrix,0.000,0.0117,50.00
Natrix natrix,0.000,0.0117,50.00
Zamenis longissimus,0.000,0.0117,50.00
Vipera berus,0.000,2.58,50.02
Zamenis longissimus,0.000,2.58,50.02
Eoanilius oligocenicus,23.03,27.82,50.07
Palaeophis toliapicus,47.8,56,50.07
Texasophis hecki,23.03,27.82,50.07
Falseryx neervelpensis,27.82,33.9,50.13
Natrix natrix,0.0117,0.774,50.21
Vipera berus,0.0117,0.774,50.21
Zamenis longissimus,0.0117,0.129,50.21
Coronella austriaca,0.000,2.58,50.24
Vipera berus,0.000,2.58,50.24
Zamenis longissimus,0.000,2.58,50.24
Bavarioboa hermi,15.98,16.9,50.31
Coluber dolnicensis,15.98,16.9,50.31
Falseryx petersbuchi,15.98,16.9,50.31
Neonatrix nova,15.98,16.9,50.31
Palaeonatrix lehmani,15.98,16.9,50.31
Palaeonatrix lehmani,15.98,16.9,50.31
Texasophis bohemiacus,15.98,16.9,50.31
Texasophis bohemiacus,15.98,16.9,50.31
Vipera antiqua,15.98,16.9,50.31
Vipera platyspondyla,15.98,16.9,50.31
Albaneryx volynicus,8.7,11.63,50.35
Naja romani,8.7,11.63,50.35
Vipera berus,8.7,11.63,50.35
Macrovipera ukrainica,8.7,11.63,50.35
Natrix natrix,0.129,0.774,50.48
Rottophis atavus,23.03,27.82,50.49
Rottophis atavus,23.03,27.82,50.49
Rottophis atavus,23.03,27.82,50.49
Rottophis atavus,23.03,27.82,50.49
Rottophis atavus,23.03,27.82,50.49
Vipera berus,0.000,2.58,50.50
Bavarioboa hermi,15.98,20,50.53
Naja romani,15.98,20,50.53
Natrix longivertebrata,15.98,20,50.53
Natrix natrix,0.000,2.58,50.56
Zamenis longissimus,0.000,2.58,50.56
Vipera berus,0.0117,0.129,50.59
Coluber caspioides,15.98,20,50.62
Coluber dolnicensis,15.98,20,50.62
Coluber suevicus,15.98,20,50.62
Natrix merkurensis,15.98,20,50.62
Natrix sansaniensis,15.98,20,50.62
Zamenis longissimus,3.2,4.2,50.84
Natrix natrix,0.0117,0.129,50.86
Vipera berus,0.0117,0.129,50.86
Zamenis longissimus,0.0117,0.129,50.86
Natrix natrix,0.000,2.58,50.87
Coronella austriaca,1.8,2.58,50.91
Natrix natrix,1.8,2.58,50.91
Vipera berus,1.8,2.58,50.91
Zamenis longissimus,1.8,2.58,50.91
Coronella austriaca,0.774,2.58,50.96
Natrix natrix,0.774,2.58,50.96
Vipera berus,0.774,2.58,50.96
Zamenis longissimus,0.774,2.58,50.96
Coronella austriaca,0.774,2.58,51.00
Coronella austriaca,0.774,2.58,51.00
Coronella austriaca,0.774,2.58,51.00
Natrix natrix,0.774,2.58,51.00
Natrix natrix,0.774,2.58,51.00
Natrix natrix,0.774,2.58,51.00
Natrix natrix,0.774,2.58,51.00
Vipera berus,0.774,2.58,51.00
Vipera berus,0.774,2.58,51.00
Zamenis longissimus,0.774,2.58,51.00
Zamenis longissimus,0.774,2.58,51.00
Hierophis viridiflavus,2.58,3.2,51.07
Hierophis viridiflavus,2.58,3.2,51.07
Natrix longivertebrata,2.58,3.2,51.07
Natrix longivertebrata,2.58,3.2,51.07
Vipera ammodytes,2.58,3.2,51.07
Vipera ammodytes,2.58,3.2,51.07
Zamenis longissimus,0.0117,0.129,51.09
Coronella austriaca,0.000,2.58,51.12
Natrix natrix,0.000,2.58,51.12
Vipera berus,0.000,2.58,51.12
Zamenis longissimus,0.000,2.58,51.12
Ogmophis compactus,33.9,37,51.16
Coronella austriaca,3.2,4.9,51.19
Natrix natrix,3.2,4.9,51.19
Vipera berus,3.2,4.9,51.19
Zamenis longissimus,3.2,4.9,51.19
Natrix natrix,0.129,0.774,51.25
Natrix natrix,0.0117,0.129,51.25
Vipera berus,0.129,0.774,51.25
Calamagras weigeli,33.9,37,51.27
Ogmophis compactus,33.9,37,51.27
Natrix natrix,0.774,2.58,51.37
Coronella austriaca,0.129,0.774,51.44
Natrix natrix,0.0117,0.129,51.47
Natrix natrix,0.0117,0.129,51.48
Palaeophis nessovi,33.9,37.71,51.61
Natrix natrix,0.000,2.58,51.68
Natrix natrix,0.000,2.58,51.68
Natrix maura,0.0117,0.129,51.79
Natrix natrix,0.0117,0.129,51.79
Vipera berus,0.0117,0.129,51.79
Zamenis longissimus,0.0117,0.129,51.79
Natrix natrix,0.129,0.774,51.81
Natrix natrix,0.000,2.58,51.83
Zamenis longissimus,0.129,0.774,52.30
Boa blanchardensis,0.0117,0.129,52.38
Natrix maura,0.129,0.774,52.38
Natrix natrix,0.129,0.774,52.38
Vipera berus,0.129,0.774,52.38
Coronella austriaca,0.000,2.58,52.39
Natrix natrix,0.000,2.58,52.39
Vipera berus,0.000,2.58,52.39
Elaphe paralongissima,2.58,4.2,52.42
Natrix longivertebrata,2.58,4.2,52.42
Hierophis viridiflavus,3.2,4.2,52.44
Natrix longivertebrata,3.2,4.2,52.44
Vipera ammodytes,3.2,4.2,52.44
Natrix maura,0.0117,0.129,52.50
Natrix natrix,0.0117,0.129,52.50
Natrix parva,5.333,8.7,52.53
Zelceophis xenos,5.333,8.7,52.53
Natrix natrix,0.000,2.58,52.61
Zamenis longissimus,0.000,2.58,52.61
Zamenis longissimus,0.000,2.58,52.65
Natrix natrix,0.0117,0.129,52.70
Natrix natrix,0.0117,0.129,52.83
Natrix natrix,0.129,0.774,52.94
Vipera berus,0.129,0.774,52.94
Vipera berus,0.129,0.774,52.94
Natrix natrix,0.000,2.58,53.19
Cerberophis robustus,66,72.1,54.35
Vasuki indicus,41.2,47.8,6.58
Nigerophis mirus,56,61.6,7.71
Nigerophis mirus,56,61.6,7.71
Titanoboa cerrejonensis,56,61.6,8.54
Amananulam sanogoi,56,61.6,8.90
Wonambi naracoortensis,0.0117,0.774,9.24
Naja naja,0.0117,0.129,9.27
Simoliophis libycus,93.9,100.5,9.41
Boa constrictor,0.774,3.6,9.83
Gaimanophis powelli,15.98,23.04,-30.465
Coluber hungaricus,16.9,20,
Bitis arietans,0.08,0.130,39.73
Crotalus adamanteus,0.017,0.774,27.4255
Drymarchon corais,0.017,0.774,27.4255
Lampropeltis similis,12,12.5,39.73
Neonatrix elongata,12,12.5,39.73
Neonatrix magna,12,12.5,39.73
Regina alleni,0.017,0.774,27.4255
Farancia abacura,0.017,0.774,27.4255
Pterosphenus muruntau,37.71,41.2,"38,58"
Najash rionegrina,92,94,"-37,77"
Colombophis portai,11.8,13.8,"0,26"
Colombophis spinosus,11.8,13.8,"0,26"
Dinilysia patagonica,83.4,85.9,"-41,26"
Sanajeh indicus,66,72.1,-22.79